Timestamp,X_Coord,Y_Coord,Area_Size
2026-10-05 13:24:28.617,439,231,5024.5
2026-10-05 13:24:28.684,454,281,9037.0
2026-10-05 13:24:28.684,774,128,8450.5
2026-10-05 13:24:28.705,818,245,3265.0
2026-10-05 13:24:28.705,756,128,11651.5
2026-10-05 13:24:28.705,451,205,14133.5
2026-10-05 13:24:28.724,809,194,10447.5
2026-10-05 13:24:28.724,735,70,5872.5
2026-10-05 13:24:28.724,447,213,18998.5
2026-10-05 13:24:28.743,748,194,17742.5
2026-10-05 13:24:28.743,445,301,23861.0
2026-10-05 13:24:28.760,808,500,3251.5
2026-10-05 13:24:28.760,612,232,4319.0
2026-10-05 13:24:28.760,744,200,19471.5
2026-10-05 13:24:28.760,476,301,27057.5
2026-10-05 13:24:28.778,611,233,4374.5
2026-10-05 13:24:28.778,726,178,4306.5
2026-10-05 13:24:28.778,790,301,22132.0
2026-10-05 13:24:28.778,475,301,28492.5
2026-10-05 13:24:28.796,611,233,4324.5
2026-10-05 13:24:28.796,723,177,4353.0
2026-10-05 13:24:28.796,788,301,22873.5
2026-10-05 13:24:28.796,474,301,29349.0
2026-10-05 13:24:28.813,610,234,4414.0
2026-10-05 13:24:28.813,720,191,5652.0
2026-10-05 13:24:28.813,788,301,23642.0
2026-10-05 13:24:28.813,473,301,30401.5
2026-10-05 13:24:28.829,610,235,4215.0
2026-10-05 13:24:28.829,719,191,5604.5
2026-10-05 13:24:28.829,787,301,24245.0
2026-10-05 13:24:28.829,472,301,31148.0
2026-10-05 13:24:28.884,609,235,4351.5
2026-10-05 13:24:28.884,718,191,5565.0
2026-10-05 13:24:28.884,786,301,25120.0
2026-10-05 13:24:28.884,471,301,32899.5
2026-10-05 13:24:28.916,609,235,4286.0
2026-10-05 13:24:28.916,721,191,5545.5
2026-10-05 13:24:28.916,786,301,25337.0
2026-10-05 13:24:28.916,470,301,32809.5
2026-10-05 13:24:28.948,608,235,4238.0
2026-10-05 13:24:28.948,721,191,5546.0
2026-10-05 13:24:28.948,786,301,25537.0
2026-10-05 13:24:28.948,471,301,33229.5
2026-10-05 13:24:28.982,608,235,4344.0
2026-10-05 13:24:28.982,721,191,5599.5
2026-10-05 13:24:28.982,785,301,25526.0
2026-10-05 13:24:28.982,471,301,33291.0
2026-10-05 13:24:29.012,608,235,4413.0
2026-10-05 13:24:29.012,718,191,5601.0
2026-10-05 13:24:29.012,786,301,25257.5
2026-10-05 13:24:29.012,470,301,31624.0
2026-10-05 13:24:29.046,608,235,4421.5
2026-10-05 13:24:29.046,717,177,4482.0
2026-10-05 13:24:29.046,786,301,25067.0
2026-10-05 13:24:29.046,471,301,31545.0
2026-10-05 13:24:29.077,609,235,4394.0
2026-10-05 13:24:29.077,718,178,4546.5
2026-10-05 13:24:29.077,786,301,24526.0
2026-10-05 13:24:29.077,472,301,30973.0
2026-10-05 13:24:29.109,609,236,4496.0
2026-10-05 13:24:29.109,719,178,4635.5
2026-10-05 13:24:29.109,787,301,24005.5
2026-10-05 13:24:29.109,472,301,32038.0
2026-10-05 13:24:29.145,609,236,4558.5
2026-10-05 13:24:29.145,720,179,4709.5
2026-10-05 13:24:29.145,787,301,23469.0
2026-10-05 13:24:29.145,473,301,31612.0
2026-10-05 13:24:29.175,610,235,4471.5
2026-10-05 13:24:29.175,721,179,4709.0
2026-10-05 13:24:29.175,788,301,23190.0
2026-10-05 13:24:29.175,473,301,31399.0
2026-10-05 13:24:29.206,611,235,4540.0
2026-10-05 13:24:29.206,722,179,4731.0
2026-10-05 13:24:29.206,788,301,22984.5
2026-10-05 13:24:29.206,473,301,30809.5
2026-10-05 13:24:29.239,611,234,4558.5
2026-10-05 13:24:29.239,723,178,4725.5
2026-10-05 13:24:29.239,788,301,22818.0
2026-10-05 13:24:29.239,473,301,30733.5
2026-10-05 13:24:29.272,807,500,3538.0
2026-10-05 13:24:29.272,610,235,4555.0
2026-10-05 13:24:29.272,723,179,4746.5
2026-10-05 13:24:29.272,788,200,18982.5
2026-10-05 13:24:29.272,473,301,29774.0
2026-10-05 13:24:29.305,611,235,4562.5
2026-10-05 13:24:29.305,723,179,4750.0
2026-10-05 13:24:29.305,788,301,22435.5
2026-10-05 13:24:29.305,473,301,29656.0
2026-10-05 13:24:29.336,807,500,3535.0
2026-10-05 13:24:29.336,611,234,4624.0
2026-10-05 13:24:29.336,724,191,5769.5
2026-10-05 13:24:29.336,788,201,18823.0
2026-10-05 13:24:29.336,474,301,30071.0
2026-10-05 13:24:29.367,611,234,4628.5
2026-10-05 13:24:29.367,724,191,5675.5
2026-10-05 13:24:29.367,789,301,22280.5
2026-10-05 13:24:29.367,474,301,29994.0
2026-10-05 13:24:29.398,611,234,4698.5
2026-10-05 13:24:29.398,724,191,5776.5
2026-10-05 13:24:29.398,789,301,22260.0
2026-10-05 13:24:29.398,474,301,29598.0
2026-10-05 13:24:29.432,807,500,3370.5
2026-10-05 13:24:29.432,611,234,4637.0
2026-10-05 13:24:29.432,724,179,4567.0
2026-10-05 13:24:29.432,789,201,18693.5
2026-10-05 13:24:29.432,474,301,29569.0
2026-10-05 13:24:29.460,807,500,3378.5
2026-10-05 13:24:29.460,611,234,4587.0
2026-10-05 13:24:29.460,724,191,5596.5
2026-10-05 13:24:29.460,789,201,18721.0
2026-10-05 13:24:29.460,474,301,29589.0
2026-10-05 13:24:29.493,611,235,4615.0
2026-10-05 13:24:29.493,724,178,4567.5
2026-10-05 13:24:29.493,741,301,24520.0
2026-10-05 13:24:29.493,474,301,29968.5
2026-10-05 13:24:29.526,611,235,4576.0
2026-10-05 13:24:29.526,724,191,5638.5
2026-10-05 13:24:29.526,741,301,24487.0
2026-10-05 13:24:29.526,474,301,29637.0
2026-10-05 13:24:29.557,612,235,4605.5
2026-10-05 13:24:29.557,724,191,5656.5
2026-10-05 13:24:29.557,741,301,24498.5
2026-10-05 13:24:29.557,473,301,29670.0
2026-10-05 13:24:29.593,612,235,4588.5
2026-10-05 13:24:29.593,724,191,5696.5
2026-10-05 13:24:29.593,741,301,24520.0
2026-10-05 13:24:29.593,473,301,30073.5
2026-10-05 13:24:29.657,807,500,3355.5
2026-10-05 13:24:29.657,612,235,4559.0
2026-10-05 13:24:29.657,726,191,5509.5
2026-10-05 13:24:29.657,741,201,21240.5
2026-10-05 13:24:29.657,473,301,29765.0
2026-10-05 13:24:29.689,807,500,3343.0
2026-10-05 13:24:29.689,612,235,4551.5
2026-10-05 13:24:29.689,727,191,5579.0
2026-10-05 13:24:29.689,740,201,21201.0
2026-10-05 13:24:29.689,473,301,29796.5
2026-10-05 13:24:29.726,807,500,3345.5
2026-10-05 13:24:29.726,612,235,4557.0
2026-10-05 13:24:29.726,727,191,5488.5
2026-10-05 13:24:29.726,740,200,21152.0
2026-10-05 13:24:29.726,473,301,29821.0
2026-10-05 13:24:29.755,808,500,3331.0
2026-10-05 13:24:29.755,612,235,4602.0
2026-10-05 13:24:29.755,728,191,5501.5
2026-10-05 13:24:29.755,722,200,21801.0
2026-10-05 13:24:29.755,474,301,29761.5
2026-10-05 13:24:29.789,808,500,3320.5
2026-10-05 13:24:29.789,612,235,4610.5
2026-10-05 13:24:29.789,728,191,5518.0
2026-10-05 13:24:29.789,741,200,20898.0
2026-10-05 13:24:29.789,474,301,29730.0
2026-10-05 13:24:29.820,808,500,3320.5
2026-10-05 13:24:29.820,613,235,4522.5
2026-10-05 13:24:29.820,728,191,5554.5
2026-10-05 13:24:29.820,741,200,20841.5
2026-10-05 13:24:29.820,474,301,29557.0
2026-10-05 13:24:29.845,808,500,3215.5
2026-10-05 13:24:29.845,613,235,4485.0
2026-10-05 13:24:29.845,728,191,5595.0
2026-10-05 13:24:29.845,741,200,20644.5
2026-10-05 13:24:29.845,474,301,29188.5
2026-10-05 13:24:29.878,808,500,3171.5
2026-10-05 13:24:29.878,613,235,4477.5
2026-10-05 13:24:29.878,729,191,5424.0
2026-10-05 13:24:29.878,741,199,19938.5
2026-10-05 13:24:29.878,475,301,28931.0
2026-10-05 13:24:29.912,808,500,3174.5
2026-10-05 13:24:29.912,613,235,4508.0
2026-10-05 13:24:29.912,743,191,3034.0
2026-10-05 13:24:29.912,741,198,19652.0
2026-10-05 13:24:29.912,475,301,28656.0
2026-10-05 13:24:29.944,808,501,3156.0
2026-10-05 13:24:29.944,614,234,4444.5
2026-10-05 13:24:29.944,742,191,3063.5
2026-10-05 13:24:29.944,743,198,19344.5
2026-10-05 13:24:29.944,476,301,28282.0
2026-10-05 13:24:29.976,808,501,3136.5
2026-10-05 13:24:29.976,615,234,4408.0
2026-10-05 13:24:29.976,744,191,3053.0
2026-10-05 13:24:29.976,743,194,18932.5
2026-10-05 13:24:29.976,477,301,27951.5
2026-10-05 13:24:30.009,615,234,4420.5
2026-10-05 13:24:30.009,744,194,21808.5
2026-10-05 13:24:30.009,477,301,27500.5
2026-10-05 13:24:30.041,745,194,21298.0
2026-10-05 13:24:30.041,478,301,26792.0
2026-10-05 13:24:30.070,746,194,19867.0
2026-10-05 13:24:30.070,479,301,26613.0
2026-10-05 13:24:30.103,746,194,19618.5
2026-10-05 13:24:30.103,479,301,26273.0
2026-10-05 13:24:30.135,746,194,20385.0
2026-10-05 13:24:30.135,446,301,24214.0
2026-10-05 13:24:30.169,753,194,19990.0
2026-10-05 13:24:30.169,447,301,23928.0
2026-10-05 13:24:30.201,755,194,19401.0
2026-10-05 13:24:30.201,447,301,23022.5
2026-10-05 13:24:30.230,755,194,19274.5
2026-10-05 13:24:30.230,448,301,22407.0
2026-10-05 13:24:30.263,755,194,18946.0
2026-10-05 13:24:30.263,449,301,21957.5
2026-10-05 13:24:30.294,756,194,18660.0
2026-10-05 13:24:30.294,449,301,21425.0
2026-10-05 13:24:30.327,757,194,18376.5
2026-10-05 13:24:30.327,450,301,20924.5
2026-10-05 13:24:30.359,757,194,18071.0
2026-10-05 13:24:30.359,451,301,20406.0
2026-10-05 13:24:30.430,758,194,17565.5
2026-10-05 13:24:30.430,452,301,19450.0
2026-10-05 13:24:30.459,810,194,9288.5
2026-10-05 13:24:30.459,738,129,7982.5
2026-10-05 13:24:30.459,453,301,18809.5
2026-10-05 13:24:30.487,758,194,16945.0
2026-10-05 13:24:30.487,453,301,17239.0
2026-10-05 13:24:30.517,747,192,3219.5
2026-10-05 13:24:30.517,818,176,8284.5
2026-10-05 13:24:30.517,740,69,4499.0
2026-10-05 13:24:30.517,454,301,16712.5
2026-10-05 13:24:30.551,487,435,5749.0
2026-10-05 13:24:30.551,746,193,3198.0
2026-10-05 13:24:30.551,759,176,12556.0
2026-10-05 13:24:30.551,442,134,10600.5
2026-10-05 13:24:30.586,747,193,3149.0
2026-10-05 13:24:30.586,760,175,12288.0
2026-10-05 13:24:30.586,436,133,9881.5
2026-10-05 13:24:30.615,746,193,3203.5
2026-10-05 13:24:30.615,759,175,12139.5
2026-10-05 13:24:30.615,437,133,9659.5
2026-10-05 13:24:30.646,760,175,15059.5
2026-10-05 13:24:30.646,437,132,9418.5
2026-10-05 13:24:30.680,745,194,3159.5
2026-10-05 13:24:30.680,763,175,11632.0
2026-10-05 13:24:30.680,461,135,9669.0
2026-10-05 13:24:30.713,750,194,3727.5
2026-10-05 13:24:30.713,762,175,11487.0
2026-10-05 13:24:30.713,463,211,12132.5
2026-10-05 13:24:30.744,760,165,14749.5
2026-10-05 13:24:30.744,508,211,13573.0
2026-10-05 13:24:30.778,760,165,14634.5
2026-10-05 13:24:30.778,463,211,10495.0
2026-10-05 13:24:30.811,760,164,14293.5
2026-10-05 13:24:30.811,509,211,11992.0
2026-10-05 13:24:30.842,747,215,3140.0
2026-10-05 13:24:30.842,767,164,10949.0
2026-10-05 13:24:30.842,464,211,9454.5
2026-10-05 13:24:30.873,746,215,3112.5
2026-10-05 13:24:30.873,820,164,7395.5
2026-10-05 13:24:30.873,747,67,3396.0
2026-10-05 13:24:30.873,462,211,8471.0
2026-10-05 13:24:30.905,745,216,3111.0
2026-10-05 13:24:30.905,820,164,7294.5
2026-10-05 13:24:30.905,747,66,3323.0
2026-10-05 13:24:30.905,495,211,9222.5
2026-10-05 13:24:30.937,820,164,7136.5
2026-10-05 13:24:30.937,747,66,3262.0
2026-10-05 13:24:30.937,465,211,8620.0
2026-10-05 13:24:30.971,820,164,7134.0
2026-10-05 13:24:30.971,748,66,3160.0
2026-10-05 13:24:30.971,493,211,9489.0
2026-10-05 13:24:31.003,820,164,7002.5
2026-10-05 13:24:31.003,749,66,3129.0
2026-10-05 13:24:31.003,494,199,8972.0
2026-10-05 13:24:31.034,820,164,6929.0
2026-10-05 13:24:31.034,750,66,3044.0
2026-10-05 13:24:31.034,493,195,9083.0
2026-10-05 13:24:31.067,820,223,3959.0
2026-10-05 13:24:31.067,493,192,9921.0
2026-10-05 13:24:31.097,821,223,3830.5
2026-10-05 13:24:31.097,466,190,9385.0
2026-10-05 13:24:31.166,717,219,3318.0
2026-10-05 13:24:31.166,821,223,3774.5
2026-10-05 13:24:31.166,466,185,9147.5
2026-10-05 13:24:31.195,716,219,3340.0
2026-10-05 13:24:31.195,821,223,3627.5
2026-10-05 13:24:31.195,466,197,8736.0
2026-10-05 13:24:31.228,714,219,3410.5
2026-10-05 13:24:31.228,822,223,3461.0
2026-10-05 13:24:31.228,469,171,9256.0
2026-10-05 13:24:31.258,715,219,3454.0
2026-10-05 13:24:31.258,469,176,8257.0
2026-10-05 13:24:31.258,823,142,5338.0
2026-10-05 13:24:31.291,708,219,3429.0
2026-10-05 13:24:31.291,469,184,8027.5
2026-10-05 13:24:31.322,709,212,3599.5
2026-10-05 13:24:31.322,474,185,8366.0
2026-10-05 13:24:31.322,776,88,4843.0
2026-10-05 13:24:31.355,708,211,3746.5
2026-10-05 13:24:31.355,475,187,8158.0
2026-10-05 13:24:31.355,776,89,4885.0
2026-10-05 13:24:31.391,708,211,3716.0
2026-10-05 13:24:31.391,474,188,8107.5
2026-10-05 13:24:31.391,777,89,4869.5
2026-10-05 13:24:31.425,709,211,3824.0
2026-10-05 13:24:31.425,474,218,7514.0
2026-10-05 13:24:31.425,777,90,4948.0
2026-10-05 13:24:31.450,709,212,3827.0
2026-10-05 13:24:31.450,478,219,7609.0
2026-10-05 13:24:31.450,777,90,5055.0
2026-10-05 13:24:31.480,709,210,3871.5
2026-10-05 13:24:31.480,482,219,7676.5
2026-10-05 13:24:31.480,777,90,5043.0
2026-10-05 13:24:31.514,709,212,3892.0
2026-10-05 13:24:31.514,482,220,7693.0
2026-10-05 13:24:31.514,777,90,5115.0
2026-10-05 13:24:31.545,710,211,3886.5
2026-10-05 13:24:31.545,482,220,7722.0
2026-10-05 13:24:31.545,777,90,5067.0
2026-10-05 13:24:31.577,710,212,3863.0
2026-10-05 13:24:31.577,484,220,7722.5
2026-10-05 13:24:31.577,777,90,4913.0
2026-10-05 13:24:31.611,935,427,3786.0
2026-10-05 13:24:31.611,709,212,3811.5
2026-10-05 13:24:31.611,482,221,7573.5
2026-10-05 13:24:31.611,778,90,4758.0
2026-10-05 13:24:31.641,934,427,4182.0
2026-10-05 13:24:31.641,708,211,3732.5
2026-10-05 13:24:31.641,482,221,7474.0
2026-10-05 13:24:31.641,785,89,4182.0
2026-10-05 13:24:31.679,933,426,4502.0
2026-10-05 13:24:31.679,709,213,3568.0
2026-10-05 13:24:31.679,482,221,7290.5
2026-10-05 13:24:31.709,978,481,7619.5
2026-10-05 13:24:31.709,710,219,3443.0
2026-10-05 13:24:31.709,821,235,3414.5
2026-10-05 13:24:31.709,483,221,7158.5
2026-10-05 13:24:31.738,976,476,8605.0
2026-10-05 13:24:31.738,718,219,3689.0
2026-10-05 13:24:31.738,482,221,6805.5
2026-10-05 13:24:31.738,819,166,7846.5
2026-10-05 13:24:31.769,455,202,6706.0
2026-10-05 13:24:31.769,974,300,19697.5
2026-10-05 13:24:31.800,457,189,6545.5
2026-10-05 13:24:31.800,959,301,31902.5
2026-10-05 13:24:31.834,473,269,4336.0
2026-10-05 13:24:31.834,954,301,35586.0
2026-10-05 13:24:31.864,440,153,6619.5
2026-10-05 13:24:31.864,946,301,39077.5
2026-10-05 13:24:31.939,712,494,3242.0
2026-10-05 13:24:31.939,306,500,6465.5
2026-10-05 13:24:31.939,649,374,3241.0
2026-10-05 13:24:31.939,726,192,3358.0
2026-10-05 13:24:31.939,457,224,11506.5
2026-10-05 13:24:31.939,938,301,46388.0
2026-10-05 13:24:31.962,701,494,3890.5
2026-10-05 13:24:31.962,307,500,7090.0
2026-10-05 13:24:31.962,648,373,3328.0
2026-10-05 13:24:31.962,681,186,5778.0
2026-10-05 13:24:31.962,718,119,4080.0
2026-10-05 13:24:31.962,456,223,13213.5
2026-10-05 13:24:31.962,962,301,49300.0
2026-10-05 13:24:31.962,728,49,3269.5
2026-10-05 13:24:31.962,624,24,3776.5
2026-10-05 13:24:31.996,701,494,3926.0
2026-10-05 13:24:31.996,490,514,3093.5
2026-10-05 13:24:31.996,307,501,7538.0
2026-10-05 13:24:31.996,647,374,3264.0
2026-10-05 13:24:31.996,675,190,5604.0
2026-10-05 13:24:31.996,698,105,3784.0
2026-10-05 13:24:31.996,455,226,14677.0
2026-10-05 13:24:31.996,917,301,61020.0
2026-10-05 13:24:31.996,613,22,4705.0
2026-10-05 13:24:32.031,701,489,4089.5
2026-10-05 13:24:32.031,490,514,3140.0
2026-10-05 13:24:32.031,309,501,7919.0
2026-10-05 13:24:32.031,536,117,3017.0
2026-10-05 13:24:32.031,676,156,9092.5
2026-10-05 13:24:32.031,455,230,16603.5
2026-10-05 13:24:32.031,883,301,66049.5
2026-10-05 13:24:32.031,604,26,4959.0
2026-10-05 13:24:32.061,701,489,4089.5
2026-10-05 13:24:32.061,489,515,3101.0
2026-10-05 13:24:32.061,308,501,7904.0
2026-10-05 13:24:32.061,602,168,9484.5
2026-10-05 13:24:32.061,671,111,4380.0
2026-10-05 13:24:32.061,463,234,18362.5
2026-10-05 13:24:32.061,600,38,4933.0
2026-10-05 13:24:32.061,882,301,70273.0
2026-10-05 13:24:32.061,606,38,5160.0
2026-10-05 13:24:32.093,481,526,4759.5
2026-10-05 13:24:32.093,290,518,13111.0
2026-10-05 13:24:32.093,555,238,29734.5
2026-10-05 13:24:32.093,595,47,4987.5
2026-10-05 13:24:32.093,876,310,105136.5
2026-10-05 13:24:32.093,595,39,6123.0
2026-10-05 13:24:32.123,481,528,4768.5
2026-10-05 13:24:32.123,289,518,14103.0
2026-10-05 13:24:32.123,660,208,5009.5
2026-10-05 13:24:32.123,551,243,31850.0
2026-10-05 13:24:32.123,586,53,4701.5
2026-10-05 13:24:32.123,876,310,110760.5
2026-10-05 13:24:32.123,588,40,6033.5
2026-10-05 13:24:32.156,481,533,4570.0
2026-10-05 13:24:32.156,289,518,14824.5
2026-10-05 13:24:32.156,643,323,3037.5
2026-10-05 13:24:32.156,662,211,4917.5
2026-10-05 13:24:32.156,560,250,38044.5
2026-10-05 13:24:32.156,876,310,116190.0
2026-10-05 13:24:32.189,481,535,4501.5
2026-10-05 13:24:32.189,289,518,14968.5
2026-10-05 13:24:32.189,665,214,4011.5
2026-10-05 13:24:32.189,559,257,38723.0
2026-10-05 13:24:32.189,818,310,130160.0
2026-10-05 13:24:32.220,481,535,4501.5
2026-10-05 13:24:32.220,289,518,14967.5
2026-10-05 13:24:32.220,794,310,179159.0
2026-10-05 13:24:32.251,481,535,4501.5
2026-10-05 13:24:32.251,289,518,14967.5
2026-10-05 13:24:32.251,796,310,192073.5
2026-10-05 13:24:32.286,289,518,20480.5
2026-10-05 13:24:32.286,549,342,44214.5
2026-10-05 13:24:32.286,817,310,158247.0
2026-10-05 13:24:32.317,479,548,3771.5
2026-10-05 13:24:32.317,289,518,23209.5
2026-10-05 13:24:32.317,787,310,201822.0
2026-10-05 13:24:32.346,289,518,23191.0
2026-10-05 13:24:32.346,467,384,24467.0
2026-10-05 13:24:32.346,582,194,15316.5
2026-10-05 13:24:32.346,818,310,166989.0
2026-10-05 13:24:32.381,289,518,23193.5
2026-10-05 13:24:32.381,467,437,17707.0
2026-10-05 13:24:32.381,799,310,192202.5
2026-10-05 13:24:32.413,290,517,23273.5
2026-10-05 13:24:32.413,787,310,210893.5
2026-10-05 13:24:32.446,290,517,23273.5
2026-10-05 13:24:32.446,467,440,16636.5
2026-10-05 13:24:32.446,799,310,197080.0
2026-10-05 13:24:32.478,653,310,244521.5
2026-10-05 13:24:32.509,569,221,6504.5
2026-10-05 13:24:32.509,653,310,239061.5
2026-10-05 13:24:32.540,573,226,6150.0
2026-10-05 13:24:32.540,653,310,242701.0
2026-10-05 13:24:32.571,578,231,5594.5
2026-10-05 13:24:32.571,653,310,242915.0
2026-10-05 13:24:32.601,337,459,44073.0
2026-10-05 13:24:32.601,585,236,5081.5
2026-10-05 13:24:32.601,799,310,199732.0
2026-10-05 13:24:32.635,337,463,43547.5
2026-10-05 13:24:32.635,799,310,205917.5
2026-10-05 13:24:32.699,299,515,27349.5
2026-10-05 13:24:32.699,787,310,220525.5
2026-10-05 13:24:32.732,299,515,27377.5
2026-10-05 13:24:32.732,787,310,259426.5
2026-10-05 13:24:32.763,299,515,27402.0
2026-10-05 13:24:32.763,787,310,259219.0
2026-10-05 13:24:32.795,300,515,27444.0
2026-10-05 13:24:32.795,787,310,218134.0
2026-10-05 13:24:32.827,301,514,27475.5
2026-10-05 13:24:32.827,787,310,219194.5
2026-10-05 13:24:32.861,301,514,27475.5
2026-10-05 13:24:32.861,787,310,219107.0
2026-10-05 13:24:32.893,301,514,27516.5
2026-10-05 13:24:32.893,787,310,218495.0
2026-10-05 13:24:32.925,302,513,27543.5
2026-10-05 13:24:32.925,787,310,216791.5
2026-10-05 13:24:32.959,302,513,27550.5
2026-10-05 13:24:32.959,787,310,258718.0
2026-10-05 13:24:32.987,302,513,27560.0
2026-10-05 13:24:32.987,787,310,258706.0
2026-10-05 13:24:33.017,302,513,27560.0
2026-10-05 13:24:33.017,787,310,258733.0
2026-10-05 13:24:33.054,302,513,27604.5
2026-10-05 13:24:33.054,787,310,259350.0
2026-10-05 13:24:33.088,302,513,27613.0
2026-10-05 13:24:33.088,787,310,259352.5
2026-10-05 13:24:33.117,305,510,27668.0
2026-10-05 13:24:33.117,787,310,259328.5
2026-10-05 13:24:33.149,305,510,27684.0
2026-10-05 13:24:33.149,787,310,259321.5
2026-10-05 13:24:33.181,305,510,27684.0
2026-10-05 13:24:33.181,787,310,259330.5
2026-10-05 13:24:33.215,305,510,27684.0
2026-10-05 13:24:33.215,787,310,259342.5
2026-10-05 13:24:33.247,305,510,27728.0
2026-10-05 13:24:33.247,787,310,199116.0
2026-10-05 13:24:33.280,305,510,27732.5
2026-10-05 13:24:33.280,787,310,200258.5
2026-10-05 13:24:33.310,306,510,27732.0
2026-10-05 13:24:33.310,787,310,199557.0
2026-10-05 13:24:33.341,306,510,27739.5
2026-10-05 13:24:33.341,787,310,196989.0
2026-10-05 13:24:33.375,306,510,27740.5
2026-10-05 13:24:33.375,947,479,68765.0
2026-10-05 13:24:33.375,616,310,126834.0
2026-10-05 13:24:33.405,307,509,27768.5
2026-10-05 13:24:33.405,947,481,68485.5
2026-10-05 13:24:33.405,615,310,126547.0
2026-10-05 13:24:33.473,307,509,27801.0
2026-10-05 13:24:33.473,966,485,64909.5
2026-10-05 13:24:33.473,616,310,126466.5
2026-10-05 13:24:33.501,307,509,27834.0
2026-10-05 13:24:33.501,966,491,64299.0
2026-10-05 13:24:33.501,728,334,3333.5
2026-10-05 13:24:33.501,616,310,126553.0
2026-10-05 13:24:33.531,307,509,27841.5
2026-10-05 13:24:33.531,966,473,65103.5
2026-10-05 13:24:33.531,730,338,3452.0
2026-10-05 13:24:33.531,627,328,3088.5
2026-10-05 13:24:33.531,616,310,125689.0
2026-10-05 13:24:33.566,307,509,27848.5
2026-10-05 13:24:33.566,966,474,65063.0
2026-10-05 13:24:33.566,738,342,3671.0
2026-10-05 13:24:33.566,630,328,3072.5
2026-10-05 13:24:33.566,616,310,128529.0
2026-10-05 13:24:33.601,307,509,27846.5
2026-10-05 13:24:33.601,937,464,68888.5
2026-10-05 13:24:33.601,632,327,3064.0
2026-10-05 13:24:33.601,615,310,128500.5
2026-10-05 13:24:33.632,307,509,28274.5
2026-10-05 13:24:33.632,633,327,3040.0
2026-10-05 13:24:33.632,931,459,69825.0
2026-10-05 13:24:33.632,615,310,129611.5
2026-10-05 13:24:33.660,307,509,28266.5
2026-10-05 13:24:33.660,964,475,64894.0
2026-10-05 13:24:33.660,736,349,4186.5
2026-10-05 13:24:33.660,635,327,3059.0
2026-10-05 13:24:33.660,615,310,130109.5
2026-10-05 13:24:33.694,307,509,28294.0
2026-10-05 13:24:33.694,964,475,64884.0
2026-10-05 13:24:33.694,737,349,4271.5
2026-10-05 13:24:33.694,633,327,3025.0
2026-10-05 13:24:33.694,615,310,129152.5
2026-10-05 13:24:33.726,307,509,28294.0
2026-10-05 13:24:33.726,932,464,69204.5
2026-10-05 13:24:33.726,615,310,129566.0
2026-10-05 13:24:33.760,307,509,28305.0
2026-10-05 13:24:33.760,932,452,70339.0
2026-10-05 13:24:33.760,615,310,130675.0
2026-10-05 13:24:33.792,307,509,28305.0
2026-10-05 13:24:33.792,932,452,70414.0
2026-10-05 13:24:33.792,615,310,130741.0
2026-10-05 13:24:33.820,307,509,28307.5
2026-10-05 13:24:33.820,932,452,70497.0
2026-10-05 13:24:33.820,615,310,131043.5
2026-10-05 13:24:33.853,307,509,28297.5
2026-10-05 13:24:33.853,932,452,70533.0
2026-10-05 13:24:33.853,615,310,131071.5
2026-10-05 13:24:33.885,307,509,28323.5
2026-10-05 13:24:33.885,963,475,65102.0
2026-10-05 13:24:33.885,736,337,5262.5
2026-10-05 13:24:33.885,615,310,131315.5
2026-10-05 13:24:33.914,307,509,28327.5
2026-10-05 13:24:33.914,972,475,64066.0
2026-10-05 13:24:33.914,747,333,5986.5
2026-10-05 13:24:33.914,615,310,130120.0
2026-10-05 13:24:33.949,307,509,28334.5
2026-10-05 13:24:33.949,972,491,63039.5
2026-10-05 13:24:33.949,727,329,4601.5
2026-10-05 13:24:33.949,615,310,129862.5
2026-10-05 13:24:33.980,307,509,28334.5
2026-10-05 13:24:33.980,972,491,63026.0
2026-10-05 13:24:33.980,720,324,4286.0
2026-10-05 13:24:33.980,615,310,127078.5
2026-10-05 13:24:34.013,307,509,28335.0
2026-10-05 13:24:34.013,972,491,64485.5
2026-10-05 13:24:34.013,710,321,3952.0
2026-10-05 13:24:34.013,710,232,3426.5
2026-10-05 13:24:34.013,615,310,123470.0
2026-10-05 13:24:34.044,307,509,28329.5
2026-10-05 13:24:34.044,950,491,66144.0
2026-10-05 13:24:34.044,728,326,3098.0
2026-10-05 13:24:34.044,706,231,3569.0
2026-10-05 13:24:34.044,615,310,123046.5
2026-10-05 13:24:34.076,307,509,28314.5
2026-10-05 13:24:34.076,950,491,67000.0
2026-10-05 13:24:34.076,702,230,3769.5
2026-10-05 13:24:34.076,615,310,122921.0
2026-10-05 13:24:34.108,307,509,28276.0
2026-10-05 13:24:34.108,950,491,67568.5
2026-10-05 13:24:34.108,615,310,125600.5
2026-10-05 13:24:34.141,307,509,28275.0
2026-10-05 13:24:34.141,787,310,193907.5
2026-10-05 13:24:34.203,307,509,28321.0
2026-10-05 13:24:34.203,647,232,5240.5
2026-10-05 13:24:34.203,787,310,189608.5
2026-10-05 13:24:34.234,307,509,28303.5
2026-10-05 13:24:34.234,640,381,3003.5
2026-10-05 13:24:34.234,642,231,4993.0
2026-10-05 13:24:34.234,787,310,189583.5
2026-10-05 13:24:34.268,307,509,28303.5
2026-10-05 13:24:34.268,640,381,3030.0
2026-10-05 13:24:34.268,637,233,4812.0
2026-10-05 13:24:34.268,787,310,190210.0
2026-10-05 13:24:34.297,302,513,28187.0
2026-10-05 13:24:34.297,493,503,16292.5
2026-10-05 13:24:34.297,628,233,4854.5
2026-10-05 13:24:34.297,799,310,176315.0
2026-10-05 13:24:34.329,493,514,15997.0
2026-10-05 13:24:34.329,302,513,28162.0
2026-10-05 13:24:34.329,588,232,3164.5
2026-10-05 13:24:34.329,799,310,180757.5
2026-10-05 13:24:34.361,579,234,3261.0
2026-10-05 13:24:34.361,653,310,226284.0
2026-10-05 13:24:34.402,475,518,13019.5
2026-10-05 13:24:34.402,339,458,35381.5
2026-10-05 13:24:34.402,572,235,3671.0
2026-10-05 13:24:34.402,799,310,181823.5
2026-10-05 13:24:34.427,475,525,12008.0
2026-10-05 13:24:34.427,566,238,3848.0
2026-10-05 13:24:34.427,653,310,219821.0
2026-10-05 13:24:34.455,475,532,11685.5
2026-10-05 13:24:34.455,635,322,3643.0
2026-10-05 13:24:34.455,325,443,38607.0
2026-10-05 13:24:34.455,561,240,3793.5
2026-10-05 13:24:34.455,799,310,183634.0
2026-10-05 13:24:34.485,475,532,11661.5
2026-10-05 13:24:34.485,630,325,4022.0
2026-10-05 13:24:34.485,317,438,39501.0
2026-10-05 13:24:34.485,555,242,3968.0
2026-10-05 13:24:34.485,799,310,188306.5
2026-10-05 13:24:34.519,475,532,11661.5
2026-10-05 13:24:34.519,614,341,4108.5
2026-10-05 13:24:34.519,551,244,3918.5
2026-10-05 13:24:34.519,653,310,232124.0
2026-10-05 13:24:34.550,547,246,3713.0
2026-10-05 13:24:34.550,653,310,261104.0
2026-10-05 13:24:34.581,543,248,3444.5
2026-10-05 13:24:34.581,653,310,264215.0
2026-10-05 13:24:34.612,653,310,267605.5
2026-10-05 13:24:34.646,653,310,269455.5
2026-10-05 13:24:34.677,653,310,270920.0
2026-10-05 13:24:34.707,653,310,272173.5
2026-10-05 13:24:34.736,653,310,272004.0
2026-10-05 13:24:34.769,653,310,272868.0
2026-10-05 13:24:34.801,653,310,273638.0
2026-10-05 13:24:34.834,653,310,274030.5
2026-10-05 13:24:34.865,653,310,274323.5
2026-10-05 13:24:34.897,653,310,274649.0
2026-10-05 13:24:34.961,653,310,275136.0
2026-10-05 13:24:34.994,653,310,274952.0
2026-10-05 13:24:35.021,653,310,274789.0
2026-10-05 13:24:35.052,653,310,274419.5
2026-10-05 13:24:35.082,653,310,274039.5
2026-10-05 13:24:35.115,653,310,273676.0
2026-10-05 13:24:35.148,653,310,272456.5
2026-10-05 13:24:35.179,653,310,271454.5
2026-10-05 13:24:35.210,653,310,270332.5
2026-10-05 13:24:35.242,653,310,269443.0
2026-10-05 13:24:35.270,653,310,267802.0
2026-10-05 13:24:35.302,540,243,4850.5
2026-10-05 13:24:35.302,653,310,266453.0
2026-10-05 13:24:35.336,544,232,5146.5
2026-10-05 13:24:35.336,653,310,264647.0
2026-10-05 13:24:35.367,447,551,6598.0
2026-10-05 13:24:35.367,330,428,47023.5
2026-10-05 13:24:35.367,545,226,4985.0
2026-10-05 13:24:35.367,799,310,211250.5
2026-10-05 13:24:35.397,447,551,6598.0
2026-10-05 13:24:35.397,330,434,43807.5
2026-10-05 13:24:35.397,549,224,4874.0
2026-10-05 13:24:35.397,799,310,210705.5
2026-10-05 13:24:35.429,447,551,6598.0
2026-10-05 13:24:35.429,334,439,42475.5
2026-10-05 13:24:35.429,555,222,4765.0
2026-10-05 13:24:35.429,799,310,210194.5
2026-10-05 13:24:35.461,447,551,6598.0
2026-10-05 13:24:35.461,324,443,39692.5
2026-10-05 13:24:35.461,559,222,4659.0
2026-10-05 13:24:35.461,799,310,209979.0
2026-10-05 13:24:35.492,561,224,4435.5
2026-10-05 13:24:35.492,653,310,259121.5
2026-10-05 13:24:35.521,562,225,4363.0
2026-10-05 13:24:35.521,653,310,255196.0
2026-10-05 13:24:35.555,566,225,4195.5
2026-10-05 13:24:35.555,653,310,254192.0
2026-10-05 13:24:35.585,297,515,29810.0
2026-10-05 13:24:35.585,788,310,265631.0
2026-10-05 13:24:35.616,298,515,29832.0
2026-10-05 13:24:35.616,788,310,225134.0
2026-10-05 13:24:35.649,298,515,29832.0
2026-10-05 13:24:35.649,621,335,4703.0
2026-10-05 13:24:35.649,788,310,220869.0
2026-10-05 13:24:35.711,299,515,29969.5
2026-10-05 13:24:35.711,609,427,3085.5
2026-10-05 13:24:35.711,624,333,5133.5
2026-10-05 13:24:35.711,788,310,222483.5
2026-10-05 13:24:35.743,299,515,29972.5
2026-10-05 13:24:35.743,614,423,3110.0
2026-10-05 13:24:35.743,625,332,4918.0
2026-10-05 13:24:35.743,788,310,222909.0
2026-10-05 13:24:35.775,300,515,30014.5
2026-10-05 13:24:35.775,617,422,3045.5
2026-10-05 13:24:35.775,623,335,5788.5
2026-10-05 13:24:35.775,788,310,224032.0
2026-10-05 13:24:35.802,301,514,30036.5
2026-10-05 13:24:35.802,619,421,3142.0
2026-10-05 13:24:35.802,788,310,229057.0
2026-10-05 13:24:35.833,301,514,30036.5
2026-10-05 13:24:35.833,619,421,3187.0
2026-10-05 13:24:35.833,788,310,229088.0
2026-10-05 13:24:35.865,301,514,30036.5
2026-10-05 13:24:35.865,619,421,3187.0
2026-10-05 13:24:35.865,788,310,228556.0
2026-10-05 13:24:35.898,302,514,30114.0
2026-10-05 13:24:35.898,622,419,3001.0
2026-10-05 13:24:35.898,788,310,228202.0
2026-10-05 13:24:35.931,302,514,30119.5
2026-10-05 13:24:35.931,788,310,226394.0
2026-10-05 13:24:35.962,302,513,30146.0
2026-10-05 13:24:35.962,629,336,4809.5
2026-10-05 13:24:35.962,788,310,221020.0
2026-10-05 13:24:35.993,302,513,30146.0
2026-10-05 13:24:35.993,630,321,4461.0
2026-10-05 13:24:35.993,788,310,220554.0
2026-10-05 13:24:36.024,302,513,30146.0
2026-10-05 13:24:36.024,626,322,4480.0
2026-10-05 13:24:36.024,788,310,220238.5
2026-10-05 13:24:36.056,302,513,30146.0
2026-10-05 13:24:36.056,629,325,4620.0
2026-10-05 13:24:36.056,788,310,219978.5
2026-10-05 13:24:36.089,302,513,30176.0
2026-10-05 13:24:36.089,636,326,4482.0
2026-10-05 13:24:36.089,788,310,219669.0
2026-10-05 13:24:36.119,302,513,30176.0
2026-10-05 13:24:36.119,637,326,4441.5
2026-10-05 13:24:36.119,788,310,218854.0
2026-10-05 13:24:36.151,302,513,30165.0
2026-10-05 13:24:36.151,788,310,221427.5
2026-10-05 13:24:36.182,302,513,30158.5
2026-10-05 13:24:36.182,788,310,220433.5
2026-10-05 13:24:36.211,302,513,30158.5
2026-10-05 13:24:36.211,788,310,219594.5
2026-10-05 13:24:36.247,302,513,30167.5
2026-10-05 13:24:36.247,621,216,4801.5
2026-10-05 13:24:36.247,788,310,213037.5
2026-10-05 13:24:36.277,302,513,30138.0
2026-10-05 13:24:36.277,620,310,5959.5
2026-10-05 13:24:36.277,622,216,5241.0
2026-10-05 13:24:36.277,788,310,209589.0
2026-10-05 13:24:36.307,305,511,30204.5
2026-10-05 13:24:36.307,622,216,5615.5
2026-10-05 13:24:36.307,788,310,213323.5
2026-10-05 13:24:36.338,305,511,30204.5
2026-10-05 13:24:36.338,639,322,8677.0
2026-10-05 13:24:36.338,623,216,6032.5
2026-10-05 13:24:36.338,788,310,205003.5
2026-10-05 13:24:36.369,305,511,30204.5
2026-10-05 13:24:36.369,788,310,262877.0
2026-10-05 13:24:36.401,305,511,30204.5
2026-10-05 13:24:36.401,788,310,262899.5
2026-10-05 13:24:36.464,305,511,30204.0
2026-10-05 13:24:36.464,788,310,262897.0
2026-10-05 13:24:36.497,304,511,30215.0
2026-10-05 13:24:36.497,788,310,262900.5
2026-10-05 13:24:36.527,305,510,30213.5
2026-10-05 13:24:36.527,788,310,262903.0
2026-10-05 13:24:36.556,305,510,30213.5
2026-10-05 13:24:36.556,788,310,262889.5
2026-10-05 13:24:36.589,305,510,30214.5
2026-10-05 13:24:36.589,788,310,262899.0
2026-10-05 13:24:36.617,305,510,30214.5
2026-10-05 13:24:36.617,788,310,262906.5
2026-10-05 13:24:36.651,305,510,30244.5
2026-10-05 13:24:36.651,788,310,263033.0
2026-10-05 13:24:36.682,305,510,30242.0
2026-10-05 13:24:36.682,788,310,263037.5
2026-10-05 13:24:36.716,305,510,30242.0
2026-10-05 13:24:36.716,788,310,263032.5
2026-10-05 13:24:36.746,305,510,30243.0
2026-10-05 13:24:36.746,788,310,263055.5
2026-10-05 13:24:36.778,305,510,30243.0
2026-10-05 13:24:36.778,788,310,263046.5
2026-10-05 13:24:36.809,653,310,292173.5
2026-10-05 13:24:36.839,653,310,292215.0
2026-10-05 13:24:36.872,653,310,292197.5
2026-10-05 13:24:36.904,653,310,292168.0
2026-10-05 13:24:36.948,653,310,292148.5
2026-10-05 13:24:36.967,653,310,292165.0
2026-10-05 13:24:36.996,653,310,291414.0
2026-10-05 13:24:37.027,653,310,291410.0
2026-10-05 13:24:37.059,653,310,291359.5
2026-10-05 13:24:37.088,653,310,291354.0
2026-10-05 13:24:37.121,653,310,291339.0
2026-10-05 13:24:37.154,653,310,291350.5
2026-10-05 13:24:37.218,653,310,291135.5
2026-10-05 13:24:37.250,653,310,291153.0
2026-10-05 13:24:37.281,653,310,291132.5
2026-10-05 13:24:37.310,653,310,291134.0
2026-10-05 13:24:37.338,653,310,291128.5
2026-10-05 13:24:37.376,643,277,4750.5
2026-10-05 13:24:37.376,653,310,216196.0
2026-10-05 13:24:37.405,643,276,4865.5
2026-10-05 13:24:37.405,653,310,216125.5
2026-10-05 13:24:37.438,643,274,4882.0
2026-10-05 13:24:37.438,638,187,12203.0
2026-10-05 13:24:37.438,653,310,203265.5
2026-10-05 13:24:37.470,643,273,4877.0
2026-10-05 13:24:37.470,638,185,12687.0
2026-10-05 13:24:37.470,653,310,202620.5
2026-10-05 13:24:37.502,642,271,5250.0
2026-10-05 13:24:37.502,638,183,13130.0
2026-10-05 13:24:37.502,653,310,201439.0
2026-10-05 13:24:37.534,634,271,5240.5
2026-10-05 13:24:37.534,637,181,13515.0
2026-10-05 13:24:37.534,653,310,199921.0
2026-10-05 13:24:37.567,634,269,5315.0
2026-10-05 13:24:37.567,638,178,13834.0
2026-10-05 13:24:37.567,653,310,195502.5
2026-10-05 13:24:37.598,617,339,3020.0
2026-10-05 13:24:37.598,637,268,5495.5
2026-10-05 13:24:37.598,649,176,13539.5
2026-10-05 13:24:37.598,653,310,195652.0
2026-10-05 13:24:37.631,616,339,3052.0
2026-10-05 13:24:37.631,641,268,5220.5
2026-10-05 13:24:37.631,653,310,207429.0
2026-10-05 13:24:37.663,617,340,3079.5
2026-10-05 13:24:37.663,638,267,5417.0
2026-10-05 13:24:37.663,653,310,209173.0
2026-10-05 13:24:37.695,616,340,3043.5
2026-10-05 13:24:37.695,637,268,5480.5
2026-10-05 13:24:37.695,653,310,208251.5
2026-10-05 13:24:37.725,638,267,5573.5
2026-10-05 13:24:37.725,653,310,208029.5
2026-10-05 13:24:37.759,653,517,6295.0
2026-10-05 13:24:37.759,305,510,28235.0
2026-10-05 13:24:37.759,639,267,5676.0
2026-10-05 13:24:37.759,786,310,169964.5
2026-10-05 13:24:37.789,653,517,6285.0
2026-10-05 13:24:37.789,305,510,28234.0
2026-10-05 13:24:37.789,637,268,5831.5
2026-10-05 13:24:37.789,645,167,14667.0
2026-10-05 13:24:37.789,786,310,153248.0
2026-10-05 13:24:37.821,653,517,6285.0
2026-10-05 13:24:37.821,305,510,28226.0
2026-10-05 13:24:37.821,634,268,6128.0
2026-10-05 13:24:37.821,645,166,14696.5
2026-10-05 13:24:37.821,786,310,150340.0
2026-10-05 13:24:37.854,653,517,6285.0
2026-10-05 13:24:37.854,305,510,28227.5
2026-10-05 13:24:37.854,633,269,6231.0
2026-10-05 13:24:37.854,644,166,14850.5
2026-10-05 13:24:37.854,786,310,149030.0
2026-10-05 13:24:37.884,653,517,6285.0
2026-10-05 13:24:37.884,305,510,28228.5
2026-10-05 13:24:37.884,633,269,6384.0
2026-10-05 13:24:37.884,643,164,15082.5
2026-10-05 13:24:37.884,786,310,146679.0
2026-10-05 13:24:37.953,305,510,27952.0
2026-10-05 13:24:37.953,634,269,6500.5
2026-10-05 13:24:37.953,630,163,12052.0
2026-10-05 13:24:37.953,786,310,142047.5
2026-10-05 13:24:37.982,305,510,27801.0
2026-10-05 13:24:37.982,634,269,6636.5
2026-10-05 13:24:37.982,632,162,12278.0
2026-10-05 13:24:37.982,786,310,139316.0
2026-10-05 13:24:38.014,299,515,27277.5
2026-10-05 13:24:38.014,635,269,6258.0
2026-10-05 13:24:38.014,634,160,13292.0
2026-10-05 13:24:38.014,786,310,137223.0
2026-10-05 13:24:38.049,300,515,27308.5
2026-10-05 13:24:38.049,636,267,6307.5
2026-10-05 13:24:38.049,786,310,148639.5
2026-10-05 13:24:38.083,299,515,27294.0
2026-10-05 13:24:38.083,959,475,62588.0
2026-10-05 13:24:38.083,643,265,6041.5
2026-10-05 13:24:38.083,615,310,81423.0
2026-10-05 13:24:38.113,299,515,27294.0
2026-10-05 13:24:38.113,959,475,62440.5
2026-10-05 13:24:38.113,642,264,6122.0
2026-10-05 13:24:38.113,677,149,44028.0
2026-10-05 13:24:38.113,510,310,34885.0
2026-10-05 13:24:38.150,298,516,24692.5
2026-10-05 13:24:38.150,959,475,60358.5
2026-10-05 13:24:38.150,641,263,5603.0
2026-10-05 13:24:38.150,674,150,41712.5
2026-10-05 13:24:38.150,493,310,33157.5
2026-10-05 13:24:38.181,298,515,24511.0
2026-10-05 13:24:38.181,959,475,59875.5
2026-10-05 13:24:38.181,640,279,8087.0
2026-10-05 13:24:38.181,670,162,41017.5
2026-10-05 13:24:38.181,485,310,31762.5
2026-10-05 13:24:38.214,298,516,24473.0
2026-10-05 13:24:38.214,959,475,62634.0
2026-10-05 13:24:38.214,638,278,8070.0
2026-10-05 13:24:38.214,669,162,40407.5
2026-10-05 13:24:38.214,475,310,30440.5
2026-10-05 13:24:38.249,298,516,24473.0
2026-10-05 13:24:38.249,959,491,62066.5
2026-10-05 13:24:38.249,638,277,8206.5
2026-10-05 13:24:38.249,613,310,68196.5
2026-10-05 13:24:38.282,298,516,24469.0
2026-10-05 13:24:38.282,959,491,61983.0
2026-10-05 13:24:38.282,650,281,8461.5
2026-10-05 13:24:38.282,613,310,65115.5
2026-10-05 13:24:38.319,298,516,18446.5
2026-10-05 13:24:38.319,966,491,45300.0
2026-10-05 13:24:38.319,664,297,9747.5
2026-10-05 13:24:38.319,663,113,32985.5
2026-10-05 13:24:38.319,463,293,24309.5
2026-10-05 13:24:38.350,298,516,18131.0
2026-10-05 13:24:38.350,966,491,45000.0
2026-10-05 13:24:38.350,650,278,8524.0
2026-10-05 13:24:38.350,662,159,35472.0
2026-10-05 13:24:38.350,463,293,23629.5
2026-10-05 13:24:38.381,298,516,17983.0
2026-10-05 13:24:38.381,966,491,44367.5
2026-10-05 13:24:38.381,656,288,10351.5
2026-10-05 13:24:38.381,649,136,8634.0
2026-10-05 13:24:38.381,615,293,43050.5
2026-10-05 13:24:38.416,298,516,17951.0
2026-10-05 13:24:38.416,966,491,44012.5
2026-10-05 13:24:38.416,658,287,10099.0
2026-10-05 13:24:38.416,796,236,5965.0
2026-10-05 13:24:38.416,650,137,8366.5
2026-10-05 13:24:38.416,610,293,36491.5
2026-10-05 13:24:38.450,298,516,17941.0
2026-10-05 13:24:38.450,966,491,43803.0
2026-10-05 13:24:38.450,618,337,3701.0
2026-10-05 13:24:38.450,634,255,4242.0
2026-10-05 13:24:38.450,799,237,6415.5
2026-10-05 13:24:38.450,651,136,8160.5
2026-10-05 13:24:38.450,610,293,35143.0
2026-10-05 13:24:38.484,298,516,17941.0
2026-10-05 13:24:38.484,966,491,43743.0
2026-10-05 13:24:38.484,618,337,3676.0
2026-10-05 13:24:38.484,723,228,3018.5
2026-10-05 13:24:38.484,632,254,4207.0
2026-10-05 13:24:38.484,802,241,6646.0
2026-10-05 13:24:38.484,653,135,8073.5
2026-10-05 13:24:38.484,731,37,3556.0
2026-10-05 13:24:38.484,563,61,5041.5
2026-10-05 13:24:38.484,463,293,23426.5
2026-10-05 13:24:38.516,298,516,16866.0
2026-10-05 13:24:38.516,974,491,39229.5
2026-10-05 13:24:38.516,618,337,3637.0
2026-10-05 13:24:38.516,631,254,4159.0
2026-10-05 13:24:38.516,760,233,10205.0
2026-10-05 13:24:38.516,707,134,7223.0
2026-10-05 13:24:38.516,499,308,29676.5
2026-10-05 13:24:38.551,298,516,16831.5
2026-10-05 13:24:38.551,974,491,38687.0
2026-10-05 13:24:38.551,618,337,3594.5
2026-10-05 13:24:38.551,630,253,4151.0
2026-10-05 13:24:38.551,729,204,17592.0
2026-10-05 13:24:38.551,561,60,4451.5
2026-10-05 13:24:38.551,447,308,25342.0
2026-10-05 13:24:38.587,298,516,16807.5
2026-10-05 13:24:38.587,974,491,38528.0
2026-10-05 13:24:38.587,619,337,3632.0
2026-10-05 13:24:38.587,629,252,4114.5
2026-10-05 13:24:38.587,735,193,19412.0
2026-10-05 13:24:38.587,559,59,4126.0
2026-10-05 13:24:38.587,447,308,25837.5
2026-10-05 13:24:38.616,298,516,16809.5
2026-10-05 13:24:38.616,974,491,38455.5
2026-10-05 13:24:38.616,619,339,3714.5
2026-10-05 13:24:38.616,628,251,4141.5
2026-10-05 13:24:38.616,740,191,20434.5
2026-10-05 13:24:38.616,549,58,3849.5
2026-10-05 13:24:38.616,448,308,26298.0
2026-10-05 13:24:38.653,298,516,16795.5
2026-10-05 13:24:38.653,974,491,38435.5
2026-10-05 13:24:38.653,619,338,3649.0
2026-10-05 13:24:38.653,627,251,4136.0
2026-10-05 13:24:38.653,742,190,22388.5
2026-10-05 13:24:38.653,548,58,3716.5
2026-10-05 13:24:38.653,448,308,25365.0
2026-10-05 13:24:38.685,298,516,16795.5
2026-10-05 13:24:38.685,974,491,38439.5
2026-10-05 13:24:38.685,619,339,3679.5
2026-10-05 13:24:38.685,626,250,4131.5
2026-10-05 13:24:38.685,744,189,21553.5
2026-10-05 13:24:38.685,547,57,3593.5
2026-10-05 13:24:38.685,448,308,26927.0
2026-10-05 13:24:38.758,298,516,16838.0
2026-10-05 13:24:38.758,982,491,37398.0
2026-10-05 13:24:38.758,619,339,3679.0
2026-10-05 13:24:38.758,625,249,4149.0
2026-10-05 13:24:38.758,745,189,22076.0
2026-10-05 13:24:38.758,547,57,3478.0
2026-10-05 13:24:38.758,435,308,26778.0
2026-10-05 13:24:38.786,298,516,16843.5
2026-10-05 13:24:38.786,982,491,37416.0
2026-10-05 13:24:38.786,619,339,3667.0
2026-10-05 13:24:38.786,624,249,4161.0
2026-10-05 13:24:38.786,744,189,22072.5
2026-10-05 13:24:38.786,545,56,3439.5
2026-10-05 13:24:38.786,435,308,27247.0
2026-10-05 13:24:38.819,298,516,16858.0
2026-10-05 13:24:38.819,982,491,37424.5
2026-10-05 13:24:38.819,619,339,3658.0
2026-10-05 13:24:38.819,621,248,4108.5
2026-10-05 13:24:38.819,745,190,21533.0
2026-10-05 13:24:38.819,544,56,3501.5
2026-10-05 13:24:38.819,435,308,27096.0
2026-10-05 13:24:38.853,298,516,16861.0
2026-10-05 13:24:38.853,981,491,37506.5
2026-10-05 13:24:38.853,619,339,3667.5
2026-10-05 13:24:38.853,612,248,4107.5
2026-10-05 13:24:38.853,743,191,20750.0
2026-10-05 13:24:38.853,544,57,3505.5
2026-10-05 13:24:38.853,434,308,27547.5
2026-10-05 13:24:38.885,298,516,16861.0
2026-10-05 13:24:38.885,981,491,37531.0
2026-10-05 13:24:38.885,619,338,3687.0
2026-10-05 13:24:38.885,609,248,4057.0
2026-10-05 13:24:38.885,742,193,19830.5
2026-10-05 13:24:38.885,543,58,3494.0
2026-10-05 13:24:38.885,434,308,27178.5
2026-10-05 13:24:38.919,298,516,16861.0
2026-10-05 13:24:38.919,981,491,37535.0
2026-10-05 13:24:38.919,619,338,3646.0
2026-10-05 13:24:38.919,610,247,3948.0
2026-10-05 13:24:38.919,740,205,15005.5
2026-10-05 13:24:38.919,539,58,3403.5
2026-10-05 13:24:38.919,434,308,26631.5
2026-10-05 13:24:38.954,298,516,16863.0
2026-10-05 13:24:38.954,974,491,38245.0
2026-10-05 13:24:38.954,617,340,3623.0
2026-10-05 13:24:38.954,609,246,3874.0
2026-10-05 13:24:38.954,794,231,8084.0
2026-10-05 13:24:38.954,716,128,6183.0
2026-10-05 13:24:38.954,539,59,3389.5
2026-10-05 13:24:38.954,433,308,25795.0
2026-10-05 13:24:38.987,298,516,16860.0
2026-10-05 13:24:38.987,974,491,38397.5
2026-10-05 13:24:38.987,617,341,3719.0
2026-10-05 13:24:38.987,608,246,3781.0
2026-10-05 13:24:38.987,793,235,7224.5
2026-10-05 13:24:38.987,715,128,6190.0
2026-10-05 13:24:38.987,537,60,3501.0
2026-10-05 13:24:38.987,432,308,25180.0
2026-10-05 13:24:39.019,298,516,16834.0
2026-10-05 13:24:39.019,974,491,38497.0
2026-10-05 13:24:39.019,617,341,3660.5
2026-10-05 13:24:39.019,609,245,3672.0
2026-10-05 13:24:39.019,791,234,6983.0
2026-10-05 13:24:39.019,713,128,6266.0
2026-10-05 13:24:39.019,535,60,3483.0
2026-10-05 13:24:39.019,432,308,24766.0
2026-10-05 13:24:39.053,298,516,16846.0
2026-10-05 13:24:39.053,974,491,38535.5
2026-10-05 13:24:39.053,617,341,3582.5
2026-10-05 13:24:39.053,609,244,3620.5
2026-10-05 13:24:39.053,790,232,6376.5
2026-10-05 13:24:39.053,712,128,6267.0
2026-10-05 13:24:39.053,457,308,28111.0
2026-10-05 13:24:39.083,298,516,16846.0
2026-10-05 13:24:39.083,974,491,38550.0
2026-10-05 13:24:39.083,617,341,3465.5
2026-10-05 13:24:39.083,608,243,3533.5
2026-10-05 13:24:39.083,791,199,6477.5
2026-10-05 13:24:39.083,711,128,6257.0
2026-10-05 13:24:39.083,455,308,27783.0
2026-10-05 13:24:39.117,298,516,16479.0
2026-10-05 13:24:39.117,972,491,38785.0
2026-10-05 13:24:39.117,617,341,3410.0
2026-10-05 13:24:39.117,607,243,3466.0
2026-10-05 13:24:39.117,792,198,6238.0
2026-10-05 13:24:39.117,711,128,6254.5
2026-10-05 13:24:39.117,452,293,26999.5
2026-10-05 13:24:39.153,298,516,16432.5
2026-10-05 13:24:39.153,972,491,36395.0
2026-10-05 13:24:39.153,617,341,3377.0
2026-10-05 13:24:39.153,609,242,3448.0
2026-10-05 13:24:39.153,792,198,6131.0
2026-10-05 13:24:39.153,711,127,6298.5
2026-10-05 13:24:39.153,450,293,26894.0
2026-10-05 13:24:39.186,298,516,16402.0
2026-10-05 13:24:39.186,972,491,36401.5
2026-10-05 13:24:39.186,617,341,3328.0
2026-10-05 13:24:39.186,609,241,3416.5
2026-10-05 13:24:39.186,792,198,6103.0
2026-10-05 13:24:39.186,690,127,5249.0
2026-10-05 13:24:39.186,450,293,27159.5
2026-10-05 13:24:39.219,298,516,16438.0
2026-10-05 13:24:39.219,972,491,36389.0
2026-10-05 13:24:39.219,617,341,3311.0
2026-10-05 13:24:39.219,609,241,3350.5
2026-10-05 13:24:39.219,810,198,5412.5
2026-10-05 13:24:39.219,691,127,5220.5
2026-10-05 13:24:39.219,450,293,27314.0
2026-10-05 13:24:39.252,298,516,16410.0
2026-10-05 13:24:39.252,972,491,36403.5
2026-10-05 13:24:39.252,617,341,3214.0
2026-10-05 13:24:39.252,609,241,3332.0
2026-10-05 13:24:39.252,806,229,4481.0
2026-10-05 13:24:39.252,756,138,3033.5
2026-10-05 13:24:39.252,691,127,5149.0
2026-10-05 13:24:39.252,528,61,3178.5
2026-10-05 13:24:39.252,432,293,24459.5
2026-10-05 13:24:39.288,298,516,16410.0
2026-10-05 13:24:39.288,972,491,36428.0
2026-10-05 13:24:39.288,617,341,3200.5
2026-10-05 13:24:39.288,609,242,3370.5
2026-10-05 13:24:39.288,807,232,4302.0
2026-10-05 13:24:39.288,757,138,3100.5
2026-10-05 13:24:39.288,692,127,5166.5
2026-10-05 13:24:39.288,452,293,27924.0
2026-10-05 13:24:39.320,298,515,16460.0
2026-10-05 13:24:39.320,972,491,36713.0
2026-10-05 13:24:39.320,618,341,3239.0
2026-10-05 13:24:39.320,610,242,3351.0
2026-10-05 13:24:39.320,795,233,4681.0
2026-10-05 13:24:39.320,758,138,3096.5
2026-10-05 13:24:39.320,693,127,5133.5
2026-10-05 13:24:39.320,432,293,25474.0
2026-10-05 13:24:39.353,298,516,16473.5
2026-10-05 13:24:39.353,972,491,36866.0
2026-10-05 13:24:39.353,618,341,3202.5
2026-10-05 13:24:39.353,610,241,3363.5
2026-10-05 13:24:39.353,794,234,4930.5
2026-10-05 13:24:39.353,758,138,3166.5
2026-10-05 13:24:39.353,693,127,5172.0
2026-10-05 13:24:39.353,432,293,25936.5
2026-10-05 13:24:39.386,298,516,16514.0
2026-10-05 13:24:39.386,972,491,36963.5
2026-10-05 13:24:39.386,619,339,3182.5
2026-10-05 13:24:39.386,610,242,3361.5
2026-10-05 13:24:39.386,795,236,5142.0
2026-10-05 13:24:39.386,716,127,8450.0
2026-10-05 13:24:39.386,432,293,26218.5
2026-10-05 13:24:39.420,298,516,16516.5
2026-10-05 13:24:39.420,972,491,37100.5
2026-10-05 13:24:39.420,619,339,3165.5
2026-10-05 13:24:39.420,610,242,3353.0
2026-10-05 13:24:39.420,794,236,5763.0
2026-10-05 13:24:39.420,717,127,8449.0
2026-10-05 13:24:39.420,432,293,26548.5
2026-10-05 13:24:39.453,298,516,16516.5
2026-10-05 13:24:39.453,972,491,37210.0
2026-10-05 13:24:39.453,619,339,3135.0
2026-10-05 13:24:39.453,611,243,3366.5
2026-10-05 13:24:39.453,795,236,5803.5
2026-10-05 13:24:39.453,718,127,6281.5
2026-10-05 13:24:39.453,771,41,5017.5
2026-10-05 13:24:39.453,548,56,3018.0
2026-10-05 13:24:39.453,432,293,26594.0
2026-10-05 13:24:39.484,298,516,16516.5
2026-10-05 13:24:39.484,972,491,37231.0
2026-10-05 13:24:39.484,611,243,3385.0
2026-10-05 13:24:39.484,794,235,5542.0
2026-10-05 13:24:39.484,717,127,6281.5
2026-10-05 13:24:39.484,771,75,6426.5
2026-10-05 13:24:39.484,552,56,3036.0
2026-10-05 13:24:39.484,432,293,26677.0
2026-10-05 13:24:39.553,298,516,16982.0
2026-10-05 13:24:39.553,969,491,38579.5
2026-10-05 13:24:39.553,611,242,3375.0
2026-10-05 13:24:39.553,716,127,6419.5
2026-10-05 13:24:39.553,772,156,12632.0
2026-10-05 13:24:39.553,473,293,29875.0
2026-10-05 13:24:39.584,298,516,16997.0
2026-10-05 13:24:39.584,969,491,38833.0
2026-10-05 13:24:39.584,612,241,3265.5
2026-10-05 13:24:39.584,715,128,6444.0
2026-10-05 13:24:39.584,642,22,3014.0
2026-10-05 13:24:39.584,768,156,13754.5
2026-10-05 13:24:39.584,431,293,26746.5
2026-10-05 13:24:39.620,298,516,16992.0
2026-10-05 13:24:39.620,969,491,38983.0
2026-10-05 13:24:39.620,614,241,3141.0
2026-10-05 13:24:39.620,789,237,4827.5
2026-10-05 13:24:39.620,713,128,6508.0
2026-10-05 13:24:39.620,643,23,3169.5
2026-10-05 13:24:39.620,762,91,9280.0
2026-10-05 13:24:39.620,483,293,29169.5
2026-10-05 13:24:39.652,298,516,16974.0
2026-10-05 13:24:39.652,969,491,39158.0
2026-10-05 13:24:39.652,710,127,6587.5
2026-10-05 13:24:39.652,643,23,3361.0
2026-10-05 13:24:39.652,761,148,14287.0
2026-10-05 13:24:39.652,482,293,28919.0
2026-10-05 13:24:39.686,298,516,16974.0
2026-10-05 13:24:39.686,969,491,39310.5
2026-10-05 13:24:39.686,643,25,3528.0
2026-10-05 13:24:39.686,731,142,22157.5
2026-10-05 13:24:39.686,431,293,25847.5
2026-10-05 13:24:39.720,298,516,17084.5
2026-10-05 13:24:39.720,966,463,44943.5
2026-10-05 13:24:39.720,641,26,3636.5
2026-10-05 13:24:39.720,730,143,23287.5
2026-10-05 13:24:39.720,431,308,26608.5
2026-10-05 13:24:39.752,298,516,17035.0
2026-10-05 13:24:39.752,966,458,45596.0
2026-10-05 13:24:39.752,641,28,3764.0
2026-10-05 13:24:39.752,730,143,23447.0
2026-10-05 13:24:39.752,430,308,26235.5
2026-10-05 13:24:39.784,298,516,16982.0
2026-10-05 13:24:39.784,430,467,10226.0
2026-10-05 13:24:39.784,640,27,3784.5
2026-10-05 13:24:39.784,900,310,70619.0
2026-10-05 13:24:39.784,471,158,15625.0
2026-10-05 13:24:39.818,298,516,16952.5
2026-10-05 13:24:39.818,430,468,10069.0
2026-10-05 13:24:39.818,638,29,3981.5
2026-10-05 13:24:39.818,900,310,71371.5
2026-10-05 13:24:39.818,471,141,14459.5
2026-10-05 13:24:39.851,298,516,16938.5
2026-10-05 13:24:39.851,429,468,10049.0
2026-10-05 13:24:39.851,637,27,4099.5
2026-10-05 13:24:39.851,899,310,72370.5
2026-10-05 13:24:39.851,471,140,14947.0
2026-10-05 13:24:39.884,298,516,16938.5
2026-10-05 13:24:39.884,429,467,10064.5
2026-10-05 13:24:39.884,635,25,4391.5
2026-10-05 13:24:39.884,891,310,72529.0
2026-10-05 13:24:39.884,469,139,14780.0
2026-10-05 13:24:39.918,363,550,3248.5
2026-10-05 13:24:39.918,485,510,3412.5
2026-10-05 13:24:39.918,298,516,15621.5
2026-10-05 13:24:39.918,526,418,4162.5
2026-10-05 13:24:39.918,873,310,80275.5
2026-10-05 13:24:39.918,469,138,14686.5
2026-10-05 13:24:39.951,363,550,3248.5
2026-10-05 13:24:39.951,485,510,3507.0
2026-10-05 13:24:39.951,296,516,15611.5
2026-10-05 13:24:39.951,527,419,4082.0
2026-10-05 13:24:39.951,843,310,81939.0
2026-10-05 13:24:39.951,468,137,14551.0
2026-10-05 13:24:39.985,363,550,3248.5
2026-10-05 13:24:39.985,485,510,3527.5
2026-10-05 13:24:39.985,298,516,15643.0
2026-10-05 13:24:39.985,527,414,4092.0
2026-10-05 13:24:39.985,870,310,80392.0
2026-10-05 13:24:39.985,468,150,14607.5
2026-10-05 13:24:40.016,363,550,3248.5
2026-10-05 13:24:40.016,485,510,3523.5
2026-10-05 13:24:40.016,298,516,15642.0
2026-10-05 13:24:40.016,842,310,83220.5
2026-10-05 13:24:40.016,493,260,18202.5
2026-10-05 13:24:40.051,363,550,3248.5
2026-10-05 13:24:40.051,485,510,3523.5
2026-10-05 13:24:40.051,296,516,15617.0
2026-10-05 13:24:40.051,460,252,8458.5
2026-10-05 13:24:40.051,840,310,84386.0
2026-10-05 13:24:40.051,486,71,5983.5
2026-10-05 13:24:40.083,363,550,3248.5
2026-10-05 13:24:40.083,485,510,3523.5
2026-10-05 13:24:40.083,296,516,15617.0
2026-10-05 13:24:40.083,459,248,8188.0
2026-10-05 13:24:40.083,867,310,80864.5
2026-10-05 13:24:40.083,533,72,8516.5
2026-10-05 13:24:40.117,364,552,3232.0
2026-10-05 13:24:40.117,485,512,3371.0
2026-10-05 13:24:40.117,296,516,16359.5
2026-10-05 13:24:40.117,456,247,8060.5
2026-10-05 13:24:40.117,868,310,80991.0
2026-10-05 13:24:40.117,533,72,8589.0
2026-10-05 13:24:40.149,364,552,3227.0
2026-10-05 13:24:40.149,485,513,3293.5
2026-10-05 13:24:40.149,296,516,16488.5
2026-10-05 13:24:40.149,459,248,8072.0
2026-10-05 13:24:40.149,869,310,81560.0
2026-10-05 13:24:40.149,534,72,8860.0
2026-10-05 13:24:40.183,364,552,3227.0
2026-10-05 13:24:40.183,485,513,3266.0
2026-10-05 13:24:40.183,296,516,16490.0
2026-10-05 13:24:40.183,529,460,3007.0
2026-10-05 13:24:40.183,457,253,8199.5
2026-10-05 13:24:40.183,818,310,90926.0
2026-10-05 13:24:40.215,364,552,3227.0
2026-10-05 13:24:40.215,485,513,3266.0
2026-10-05 13:24:40.215,296,516,16492.0
2026-10-05 13:24:40.215,492,332,11711.0
2026-10-05 13:24:40.215,818,310,90946.0
2026-10-05 13:24:40.249,364,552,3227.0
2026-10-05 13:24:40.249,485,513,3266.0
2026-10-05 13:24:40.249,296,516,16489.0
2026-10-05 13:24:40.249,528,418,4156.0
2026-10-05 13:24:40.249,841,310,84305.0
2026-10-05 13:24:40.249,469,149,14035.5
2026-10-05 13:24:40.318,296,516,17208.0
2026-10-05 13:24:40.318,429,454,8580.5
2026-10-05 13:24:40.318,841,310,84452.5
2026-10-05 13:24:40.318,471,137,14248.0
2026-10-05 13:24:40.350,296,516,17369.5
2026-10-05 13:24:40.350,430,454,8880.0
2026-10-05 13:24:40.350,844,310,83207.5
2026-10-05 13:24:40.350,473,137,14881.0
2026-10-05 13:24:40.383,297,516,17399.5
2026-10-05 13:24:40.383,431,453,9201.0
2026-10-05 13:24:40.383,845,310,85591.0
2026-10-05 13:24:40.383,474,139,15267.0
2026-10-05 13:24:40.416,297,516,17389.5
2026-10-05 13:24:40.416,846,310,85067.5
2026-10-05 13:24:40.416,434,290,26108.0
2026-10-05 13:24:40.450,297,516,17411.5
2026-10-05 13:24:40.450,847,310,84740.0
2026-10-05 13:24:40.450,435,290,27150.0
2026-10-05 13:24:40.481,297,516,17411.5
2026-10-05 13:24:40.481,963,456,46903.5
2026-10-05 13:24:40.481,676,143,36112.5
2026-10-05 13:24:40.481,437,290,27999.5
2026-10-05 13:24:40.514,298,516,18195.0
2026-10-05 13:24:40.514,967,458,46046.0
2026-10-05 13:24:40.514,678,143,35750.5
2026-10-05 13:24:40.514,439,290,29396.5
2026-10-05 13:24:40.547,298,516,18280.5
2026-10-05 13:24:40.547,967,460,45842.0
2026-10-05 13:24:40.547,678,143,35684.5
2026-10-05 13:24:40.547,441,290,30209.0
2026-10-05 13:24:40.580,298,516,18293.0
2026-10-05 13:24:40.580,967,462,45751.0
2026-10-05 13:24:40.580,673,142,35643.0
2026-10-05 13:24:40.580,442,290,30097.0
2026-10-05 13:24:40.612,298,516,18320.5
2026-10-05 13:24:40.612,967,465,45610.5
2026-10-05 13:24:40.612,674,145,34901.0
2026-10-05 13:24:40.612,443,290,30590.5
2026-10-05 13:24:40.647,298,516,18320.5
2026-10-05 13:24:40.647,967,466,45573.0
2026-10-05 13:24:40.647,675,146,35445.5
2026-10-05 13:24:40.647,444,290,31711.5
2026-10-05 13:24:40.680,298,516,18320.5
2026-10-05 13:24:40.680,967,466,45565.5
2026-10-05 13:24:40.680,675,146,35654.0
2026-10-05 13:24:40.680,444,290,31666.5
2026-10-05 13:24:40.713,298,516,18626.5
2026-10-05 13:24:40.713,969,466,44195.0
2026-10-05 13:24:40.713,675,145,35492.5
2026-10-05 13:24:40.713,458,290,30982.0
2026-10-05 13:24:40.745,299,515,18669.0
2026-10-05 13:24:40.745,969,466,44208.5
2026-10-05 13:24:40.745,600,290,67078.0
2026-10-05 13:24:40.780,299,515,18670.5
2026-10-05 13:24:40.780,969,463,44341.5
2026-10-05 13:24:40.780,675,145,35773.5
2026-10-05 13:24:40.780,458,290,31397.0
2026-10-05 13:24:40.811,299,515,18670.5
2026-10-05 13:24:40.811,969,462,44446.0
2026-10-05 13:24:40.811,675,142,35827.0
2026-10-05 13:24:40.811,458,290,31478.5
2026-10-05 13:24:40.845,299,515,18670.5
2026-10-05 13:24:40.845,969,461,44529.5
2026-10-05 13:24:40.845,675,142,36309.5
2026-10-05 13:24:40.845,458,290,31389.5
2026-10-05 13:24:40.878,299,515,18670.5
2026-10-05 13:24:40.878,969,460,44618.0
2026-10-05 13:24:40.878,675,143,36207.5
2026-10-05 13:24:40.878,458,290,31100.0
2026-10-05 13:24:40.912,299,515,18778.0
2026-10-05 13:24:40.912,969,459,45074.5
2026-10-05 13:24:40.912,675,143,36199.5
2026-10-05 13:24:40.912,458,290,31072.0
2026-10-05 13:24:40.945,299,515,18779.0
2026-10-05 13:24:40.945,969,458,45131.0
2026-10-05 13:24:40.945,675,143,36142.5
2026-10-05 13:24:40.945,458,290,30486.5
2026-10-05 13:24:40.978,298,515,18762.5
2026-10-05 13:24:40.978,969,458,45206.0
2026-10-05 13:24:40.978,675,143,36939.0
2026-10-05 13:24:40.978,458,290,30514.5
2026-10-05 13:24:41.011,299,515,18768.0
2026-10-05 13:24:41.011,969,457,45268.0
2026-10-05 13:24:41.011,674,143,37070.0
2026-10-05 13:24:41.011,459,290,30477.0
2026-10-05 13:24:41.045,299,515,18768.0
2026-10-05 13:24:41.045,969,457,45310.5
2026-10-05 13:24:41.045,562,124,3010.5
2026-10-05 13:24:41.045,675,143,37242.0
2026-10-05 13:24:41.045,459,290,30725.5
2026-10-05 13:24:41.114,299,515,18930.5
2026-10-05 13:24:41.114,967,456,45920.0
2026-10-05 13:24:41.114,675,143,37237.5
2026-10-05 13:24:41.114,462,290,30689.5
2026-10-05 13:24:41.141,298,516,18876.0
2026-10-05 13:24:41.141,967,456,45983.0
2026-10-05 13:24:41.141,675,143,36807.5
2026-10-05 13:24:41.141,462,290,30626.0
2026-10-05 13:24:41.172,298,516,18874.0
2026-10-05 13:24:41.172,967,456,46034.5
2026-10-05 13:24:41.172,559,124,3019.0
2026-10-05 13:24:41.172,674,143,37185.0
2026-10-05 13:24:41.172,462,290,30579.5
2026-10-05 13:24:41.208,298,516,18876.0
2026-10-05 13:24:41.208,967,456,46070.0
2026-10-05 13:24:41.208,559,124,3011.5
2026-10-05 13:24:41.208,675,143,37094.5
2026-10-05 13:24:41.208,463,290,30567.5
2026-10-05 13:24:41.241,298,516,18876.0
2026-10-05 13:24:41.241,967,456,46088.0
2026-10-05 13:24:41.241,560,124,3064.0
2026-10-05 13:24:41.241,675,143,37210.0
2026-10-05 13:24:41.241,463,290,30517.0
2026-10-05 13:24:41.273,298,516,18876.0
2026-10-05 13:24:41.273,967,456,46091.0
2026-10-05 13:24:41.273,559,124,3124.0
2026-10-05 13:24:41.273,674,143,38055.5
2026-10-05 13:24:41.273,463,290,30515.0
2026-10-05 13:24:41.306,298,515,18957.0
2026-10-05 13:24:41.306,967,456,46189.0
2026-10-05 13:24:41.306,559,124,3116.0
2026-10-05 13:24:41.306,675,143,37287.0
2026-10-05 13:24:41.306,463,290,30577.5
2026-10-05 13:24:41.341,298,515,18960.0
2026-10-05 13:24:41.341,967,456,46172.0
2026-10-05 13:24:41.341,559,124,3109.0
2026-10-05 13:24:41.341,638,48,4279.0
2026-10-05 13:24:41.341,675,143,33432.5
2026-10-05 13:24:41.341,463,290,30796.5
2026-10-05 13:24:41.375,299,515,18999.0
2026-10-05 13:24:41.375,967,456,46116.5
2026-10-05 13:24:41.375,559,124,3114.5
2026-10-05 13:24:41.375,675,143,37921.0
2026-10-05 13:24:41.375,463,290,30770.5
2026-10-05 13:24:41.408,298,516,18959.0
2026-10-05 13:24:41.408,967,456,46099.0
2026-10-05 13:24:41.408,559,124,3100.5
2026-10-05 13:24:41.408,675,143,38003.5
2026-10-05 13:24:41.408,463,290,31525.5
2026-10-05 13:24:41.443,298,516,18959.0
2026-10-05 13:24:41.443,967,456,46100.5
2026-10-05 13:24:41.443,559,124,3090.0
2026-10-05 13:24:41.443,675,143,37145.5
2026-10-05 13:24:41.443,463,290,31467.5
2026-10-05 13:24:41.471,298,516,18959.0
2026-10-05 13:24:41.471,967,456,46091.0
2026-10-05 13:24:41.471,559,124,3099.5
2026-10-05 13:24:41.471,674,143,38060.5
2026-10-05 13:24:41.471,463,290,31395.5
2026-10-05 13:24:41.504,298,516,18950.0
2026-10-05 13:24:41.504,967,456,46128.5
2026-10-05 13:24:41.504,559,124,3113.5
2026-10-05 13:24:41.504,674,143,38078.0
2026-10-05 13:24:41.504,463,290,31369.0
2026-10-05 13:24:41.536,298,516,18953.0
2026-10-05 13:24:41.536,967,456,46117.5
2026-10-05 13:24:41.536,559,124,3153.0
2026-10-05 13:24:41.536,674,143,38187.0
2026-10-05 13:24:41.536,463,290,31292.0
2026-10-05 13:24:41.570,298,516,18935.5
2026-10-05 13:24:41.570,967,456,46156.0
2026-10-05 13:24:41.570,559,124,3150.5
2026-10-05 13:24:41.570,674,143,38191.0
2026-10-05 13:24:41.570,462,290,31211.0
2026-10-05 13:24:41.604,298,515,18959.5
2026-10-05 13:24:41.604,967,456,46161.5
2026-10-05 13:24:41.604,559,124,3113.0
2026-10-05 13:24:41.604,674,143,38283.5
2026-10-05 13:24:41.604,462,290,31137.5
2026-10-05 13:24:41.638,298,516,18952.5
2026-10-05 13:24:41.638,967,456,46182.5
2026-10-05 13:24:41.638,559,124,3148.5
2026-10-05 13:24:41.638,674,143,38284.5
2026-10-05 13:24:41.638,462,290,31082.0
2026-10-05 13:24:41.669,298,516,18948.5
2026-10-05 13:24:41.669,968,456,46225.0
2026-10-05 13:24:41.669,558,124,3156.5
2026-10-05 13:24:41.669,674,143,38370.0
2026-10-05 13:24:41.669,462,290,30297.0
2026-10-05 13:24:41.704,298,516,18955.5
2026-10-05 13:24:41.704,968,456,46216.0
2026-10-05 13:24:41.704,558,124,3154.0
2026-10-05 13:24:41.704,674,143,38410.5
2026-10-05 13:24:41.704,462,290,30997.5
2026-10-05 13:24:41.737,298,516,18958.5
2026-10-05 13:24:41.737,968,456,46207.0
2026-10-05 13:24:41.737,559,124,3137.5
2026-10-05 13:24:41.737,674,143,38186.5
2026-10-05 13:24:41.737,462,290,30920.5
2026-10-05 13:24:41.768,298,515,18960.5
2026-10-05 13:24:41.768,968,456,46202.0
2026-10-05 13:24:41.768,558,124,3168.5
2026-10-05 13:24:41.768,674,143,38119.5
2026-10-05 13:24:41.768,462,290,30972.5
2026-10-05 13:24:41.805,298,515,18960.5
2026-10-05 13:24:41.805,968,456,46211.0
2026-10-05 13:24:41.805,559,124,3164.0
2026-10-05 13:24:41.805,674,143,38189.0
2026-10-05 13:24:41.805,462,290,30945.5
2026-10-05 13:24:41.836,298,516,18953.5
2026-10-05 13:24:41.836,968,456,46218.0
2026-10-05 13:24:41.836,558,124,3152.0
2026-10-05 13:24:41.836,674,143,38227.0
2026-10-05 13:24:41.836,462,290,30209.5
2026-10-05 13:24:41.905,298,516,18928.5
2026-10-05 13:24:41.905,968,456,46180.5
2026-10-05 13:24:41.905,558,124,3149.5
2026-10-05 13:24:41.905,674,143,38165.0
2026-10-05 13:24:41.905,462,290,30202.0
2026-10-05 13:24:41.937,298,516,18959.5
2026-10-05 13:24:41.937,968,456,46148.0
2026-10-05 13:24:41.937,558,124,3114.0
2026-10-05 13:24:41.937,674,143,38427.5
2026-10-05 13:24:41.937,462,290,30252.5
2026-10-05 13:24:41.976,298,516,18957.0
2026-10-05 13:24:41.976,968,456,46146.5
2026-10-05 13:24:41.976,559,124,3078.0
2026-10-05 13:24:41.976,674,143,37543.5
2026-10-05 13:24:41.976,462,290,30929.5
2026-10-05 13:24:41.997,298,516,18950.0
2026-10-05 13:24:41.997,968,456,46165.5
2026-10-05 13:24:41.997,674,143,38183.0
2026-10-05 13:24:41.997,462,290,30236.0
2026-10-05 13:24:42.030,298,516,18950.0
2026-10-05 13:24:42.030,968,456,46142.0
2026-10-05 13:24:42.030,558,124,3097.0
2026-10-05 13:24:42.030,674,143,38481.5
2026-10-05 13:24:42.030,462,290,30241.5
2026-10-05 13:24:42.064,298,516,18950.0
2026-10-05 13:24:42.064,968,456,46148.0
2026-10-05 13:24:42.064,674,143,38097.5
2026-10-05 13:24:42.064,462,290,30205.0
2026-10-05 13:24:42.103,298,516,18896.0
2026-10-05 13:24:42.103,968,456,46135.5
2026-10-05 13:24:42.103,558,124,3129.0
2026-10-05 13:24:42.103,674,143,38133.5
2026-10-05 13:24:42.103,462,290,30114.5
2026-10-05 13:24:42.132,298,516,18890.0
2026-10-05 13:24:42.132,968,456,46143.0
2026-10-05 13:24:42.132,558,124,3137.5
2026-10-05 13:24:42.132,674,143,37689.0
2026-10-05 13:24:42.132,462,290,30175.0
2026-10-05 13:24:42.168,298,516,18892.0
2026-10-05 13:24:42.168,968,456,46126.5
2026-10-05 13:24:42.168,558,124,3134.0
2026-10-05 13:24:42.168,674,143,37703.5
2026-10-05 13:24:42.168,461,290,30736.5
2026-10-05 13:24:42.196,299,515,18941.5
2026-10-05 13:24:42.196,968,456,46147.0
2026-10-05 13:24:42.196,558,124,3102.0
2026-10-05 13:24:42.196,673,143,37691.0
2026-10-05 13:24:42.196,461,290,30629.5
2026-10-05 13:24:42.227,299,515,18941.5
2026-10-05 13:24:42.227,968,456,46201.5
2026-10-05 13:24:42.227,558,124,3131.0
2026-10-05 13:24:42.227,673,143,38118.5
2026-10-05 13:24:42.227,460,290,30446.0
2026-10-05 13:24:42.260,298,516,18825.0
2026-10-05 13:24:42.260,968,456,46151.0
2026-10-05 13:24:42.260,557,124,3109.5
2026-10-05 13:24:42.260,673,143,37411.0
2026-10-05 13:24:42.260,460,290,30171.5
2026-10-05 13:24:42.292,298,516,18813.5
2026-10-05 13:24:42.292,968,457,46189.0
2026-10-05 13:24:42.292,554,125,3092.0
2026-10-05 13:24:42.292,673,143,37911.5
2026-10-05 13:24:42.292,459,290,29963.0
2026-10-05 13:24:42.330,298,516,18792.0
2026-10-05 13:24:42.330,968,458,46280.5
2026-10-05 13:24:42.330,557,125,3162.0
2026-10-05 13:24:42.330,673,143,37658.0
2026-10-05 13:24:42.330,458,290,29616.0
2026-10-05 13:24:42.356,298,516,18787.5
2026-10-05 13:24:42.356,968,458,46386.0
2026-10-05 13:24:42.356,679,232,4084.5
2026-10-05 13:24:42.356,550,125,3201.5
2026-10-05 13:24:42.356,673,143,37789.5
2026-10-05 13:24:42.356,457,290,28465.0
2026-10-05 13:24:42.390,298,516,18787.5
2026-10-05 13:24:42.390,968,459,46578.5
2026-10-05 13:24:42.390,670,143,41251.0
2026-10-05 13:24:42.390,470,290,29977.5
2026-10-05 13:24:42.420,298,516,18787.5
2026-10-05 13:24:42.420,968,458,46845.5
2026-10-05 13:24:42.420,669,143,41562.5
2026-10-05 13:24:42.420,466,290,28849.0
2026-10-05 13:24:42.454,298,515,18811.5
2026-10-05 13:24:42.454,969,458,48189.0
2026-10-05 13:24:42.454,675,143,35135.0
2026-10-05 13:24:42.454,498,290,33365.0
2026-10-05 13:24:42.486,298,515,18804.5
2026-10-05 13:24:42.486,969,456,48478.5
2026-10-05 13:24:42.486,692,104,4970.0
2026-10-05 13:24:42.486,679,143,29873.5
2026-10-05 13:24:42.486,498,290,31621.0
2026-10-05 13:24:42.518,298,516,18770.0
2026-10-05 13:24:42.518,446,491,8015.0
2026-10-05 13:24:42.518,969,454,48739.5
2026-10-05 13:24:42.518,677,143,30439.0
2026-10-05 13:24:42.518,580,157,27035.0
2026-10-05 13:24:42.550,298,516,18768.0
2026-10-05 13:24:42.550,445,492,7868.0
2026-10-05 13:24:42.550,847,310,79866.0
2026-10-05 13:24:42.550,577,150,26008.5
2026-10-05 13:24:42.583,298,516,18768.0
2026-10-05 13:24:42.583,445,494,7800.0
2026-10-05 13:24:42.583,671,105,4904.5
2026-10-05 13:24:42.583,609,47,4339.0
2026-10-05 13:24:42.583,846,310,76591.0
2026-10-05 13:24:42.583,503,203,21881.5
2026-10-05 13:24:42.649,704,512,4190.0
2026-10-05 13:24:42.649,298,516,19049.0
2026-10-05 13:24:42.649,846,310,81526.0
2026-10-05 13:24:42.649,546,308,35603.5
2026-10-05 13:24:42.680,704,512,4237.0
2026-10-05 13:24:42.680,296,516,19018.0
2026-10-05 13:24:42.680,844,310,82527.5
2026-10-05 13:24:42.680,543,308,36774.0
2026-10-05 13:24:42.709,705,510,4371.0
2026-10-05 13:24:42.709,296,516,19010.5
2026-10-05 13:24:42.709,843,310,83424.0
2026-10-05 13:24:42.709,542,308,36945.0
2026-10-05 13:24:42.741,705,511,4390.0
2026-10-05 13:24:42.741,296,516,18978.5
2026-10-05 13:24:42.741,541,347,32822.5
2026-10-05 13:24:42.741,600,49,4219.5
2026-10-05 13:24:42.741,840,310,79978.5
2026-10-05 13:24:42.741,484,69,4787.0
2026-10-05 13:24:42.772,705,511,4390.0
2026-10-05 13:24:42.772,295,516,18940.0
2026-10-05 13:24:42.772,636,324,3026.0
2026-10-05 13:24:42.772,543,347,36255.5
2026-10-05 13:24:42.772,599,49,4193.0
2026-10-05 13:24:42.772,839,310,80819.5
2026-10-05 13:24:42.772,483,66,4420.0
2026-10-05 13:24:42.805,705,511,4390.0
2026-10-05 13:24:42.805,295,516,18940.0
2026-10-05 13:24:42.805,636,324,3062.5
2026-10-05 13:24:42.805,543,347,37996.0
2026-10-05 13:24:42.805,835,310,85920.5
2026-10-05 13:24:42.805,482,63,4071.5
2026-10-05 13:24:42.840,705,511,4390.0
2026-10-05 13:24:42.840,295,516,18940.0
2026-10-05 13:24:42.840,635,324,3083.5
2026-10-05 13:24:42.840,552,347,39625.5
2026-10-05 13:24:42.840,594,51,4161.0
2026-10-05 13:24:42.840,818,310,85923.5
2026-10-05 13:24:42.877,704,510,4653.0
2026-10-05 13:24:42.877,293,516,18774.0
2026-10-05 13:24:42.877,635,324,3114.5
2026-10-05 13:24:42.877,551,348,40142.5
2026-10-05 13:24:42.877,593,50,4210.0
2026-10-05 13:24:42.877,818,310,86830.5
2026-10-05 13:24:42.904,704,510,4662.5
2026-10-05 13:24:42.904,295,516,18798.5
2026-10-05 13:24:42.904,635,324,3161.0
2026-10-05 13:24:42.904,550,348,43222.5
2026-10-05 13:24:42.904,592,51,4181.0
2026-10-05 13:24:42.904,818,310,87945.5
2026-10-05 13:24:42.937,704,510,4664.0
2026-10-05 13:24:42.937,295,516,18792.5
2026-10-05 13:24:42.937,635,324,3161.0
2026-10-05 13:24:42.937,550,348,40111.0
2026-10-05 13:24:42.937,818,310,91829.0
2026-10-05 13:24:42.970,704,510,4664.0
2026-10-05 13:24:42.970,444,516,7556.5
2026-10-05 13:24:42.970,293,516,18756.5
2026-10-05 13:24:42.970,634,324,3219.0
2026-10-05 13:24:42.970,561,253,35299.0
2026-10-05 13:24:42.970,589,52,4238.5
2026-10-05 13:24:42.970,818,310,87145.5
2026-10-05 13:24:43.003,704,510,4664.0
2026-10-05 13:24:43.003,444,516,7556.5
2026-10-05 13:24:43.003,293,516,18756.5
2026-10-05 13:24:43.003,634,324,3211.0
2026-10-05 13:24:43.003,560,253,35351.0
2026-10-05 13:24:43.003,818,310,92147.5
2026-10-05 13:24:43.042,704,511,5000.5
2026-10-05 13:24:43.042,444,515,7145.5
2026-10-05 13:24:43.042,293,516,18503.0
2026-10-05 13:24:43.042,634,324,3191.0
2026-10-05 13:24:43.042,561,254,35407.0
2026-10-05 13:24:43.042,818,310,96212.0
2026-10-05 13:24:43.075,704,509,5041.5
2026-10-05 13:24:43.075,444,515,7132.5
2026-10-05 13:24:43.075,293,517,18479.0
2026-10-05 13:24:43.075,631,325,3332.5
2026-10-05 13:24:43.075,474,266,23574.5
2026-10-05 13:24:43.075,614,155,11751.0
2026-10-05 13:24:43.075,818,310,96483.0
2026-10-05 13:24:43.098,704,509,5061.0
2026-10-05 13:24:43.098,293,516,18485.0
2026-10-05 13:24:43.098,631,325,3319.0
2026-10-05 13:24:43.098,455,360,28642.5
2026-10-05 13:24:43.098,615,155,11678.5
2026-10-05 13:24:43.098,818,310,96585.5
2026-10-05 13:24:43.129,704,509,5056.0
2026-10-05 13:24:43.129,293,516,18484.0
2026-10-05 13:24:43.129,631,325,3315.5
2026-10-05 13:24:43.129,455,360,28171.0
2026-10-05 13:24:43.129,615,155,11494.5
2026-10-05 13:24:43.129,590,53,4386.0
2026-10-05 13:24:43.129,818,310,91514.0
2026-10-05 13:24:43.160,704,509,5056.0
2026-10-05 13:24:43.160,293,516,18484.0
2026-10-05 13:24:43.160,633,325,3229.5
2026-10-05 13:24:43.160,459,360,29796.5
2026-10-05 13:24:43.160,615,154,10149.0
2026-10-05 13:24:43.160,588,50,4330.0
2026-10-05 13:24:43.160,818,310,92236.0
2026-10-05 13:24:43.195,704,509,5056.0
2026-10-05 13:24:43.195,293,516,18484.0
2026-10-05 13:24:43.195,543,347,37998.5
2026-10-05 13:24:43.195,593,49,4375.5
2026-10-05 13:24:43.195,818,310,91130.5
2026-10-05 13:24:43.229,704,509,4808.5
2026-10-05 13:24:43.229,293,516,18264.0
2026-10-05 13:24:43.229,539,347,35190.5
2026-10-05 13:24:43.229,595,49,4300.0
2026-10-05 13:24:43.229,818,310,87523.5
2026-10-05 13:24:43.262,704,509,4779.5
2026-10-05 13:24:43.262,293,516,18237.5
2026-10-05 13:24:43.262,541,346,32623.5
2026-10-05 13:24:43.262,596,47,4336.0
2026-10-05 13:24:43.262,818,310,87629.5
2026-10-05 13:24:43.293,704,509,4778.5
2026-10-05 13:24:43.293,293,516,18238.5
2026-10-05 13:24:43.293,544,346,29770.0
2026-10-05 13:24:43.293,602,47,4310.5
2026-10-05 13:24:43.293,818,310,86915.5
2026-10-05 13:24:43.323,704,509,4779.5
2026-10-05 13:24:43.323,293,516,18257.5
2026-10-05 13:24:43.323,547,345,28628.0
2026-10-05 13:24:43.323,605,45,4233.5
2026-10-05 13:24:43.323,818,310,86166.5
2026-10-05 13:24:43.356,704,509,4779.5
2026-10-05 13:24:43.356,295,516,18296.5
2026-10-05 13:24:43.356,444,511,7190.0
2026-10-05 13:24:43.356,613,44,4206.5
2026-10-05 13:24:43.356,799,310,101810.0
2026-10-05 13:24:43.356,484,57,4228.0
2026-10-05 13:24:43.421,296,516,17924.0
2026-10-05 13:24:43.421,459,491,5566.5
2026-10-05 13:24:43.421,616,44,4217.5
2026-10-05 13:24:43.421,799,310,108400.5
2026-10-05 13:24:43.451,296,516,17939.0
2026-10-05 13:24:43.451,630,237,3156.5
2026-10-05 13:24:43.451,786,310,115082.5
2026-10-05 13:24:43.486,296,516,17943.5
2026-10-05 13:24:43.486,459,359,14538.0
2026-10-05 13:24:43.486,623,42,4341.0
2026-10-05 13:24:43.486,818,310,94336.0
2026-10-05 13:24:43.517,296,516,17938.5
2026-10-05 13:24:43.517,460,363,16362.5
2026-10-05 13:24:43.517,630,42,4322.0
2026-10-05 13:24:43.517,818,310,92351.0
2026-10-05 13:24:43.549,296,516,17938.5
2026-10-05 13:24:43.549,461,456,7768.0
2026-10-05 13:24:43.549,454,240,8714.0
2026-10-05 13:24:43.549,818,310,95714.0
2026-10-05 13:24:43.580,298,516,17960.0
2026-10-05 13:24:43.580,963,487,47044.5
2026-10-05 13:24:43.580,461,455,8131.0
2026-10-05 13:24:43.580,623,243,3026.0
2026-10-05 13:24:43.580,452,236,8303.5
2026-10-05 13:24:43.580,639,41,4312.5
2026-10-05 13:24:43.580,646,176,42576.0
2026-10-05 13:24:43.613,298,516,18070.5
2026-10-05 13:24:43.613,967,491,45856.5
2026-10-05 13:24:43.613,461,454,8996.0
2026-10-05 13:24:43.613,453,234,8448.0
2026-10-05 13:24:43.613,649,164,43833.5
2026-10-05 13:24:43.647,298,516,18092.5
2026-10-05 13:24:43.647,967,491,45565.0
2026-10-05 13:24:43.647,461,453,9306.0
2026-10-05 13:24:43.647,454,225,8507.5
2026-10-05 13:24:43.647,653,143,45588.5
2026-10-05 13:24:43.678,298,516,18115.5
2026-10-05 13:24:43.678,967,491,45091.0
2026-10-05 13:24:43.678,462,451,9562.5
2026-10-05 13:24:43.678,631,325,3088.5
2026-10-05 13:24:43.678,455,222,8232.0
2026-10-05 13:24:43.678,657,138,45202.0
2026-10-05 13:24:43.710,298,516,18133.5
2026-10-05 13:24:43.710,960,486,45593.0
2026-10-05 13:24:43.710,462,448,9831.0
2026-10-05 13:24:43.710,632,325,3123.5
2026-10-05 13:24:43.710,751,237,3779.5
2026-10-05 13:24:43.710,672,141,36210.5
2026-10-05 13:24:43.710,489,147,16335.5
2026-10-05 13:24:43.741,298,516,18168.5
2026-10-05 13:24:43.741,960,485,45573.5
2026-10-05 13:24:43.741,462,440,10223.0
2026-10-05 13:24:43.741,632,325,3074.5
2026-10-05 13:24:43.741,758,228,5166.0
2026-10-05 13:24:43.741,667,42,3944.0
2026-10-05 13:24:43.741,679,163,31011.0
2026-10-05 13:24:43.741,492,137,17109.5
2026-10-05 13:24:43.776,298,516,18128.0
2026-10-05 13:24:43.776,962,486,45129.5
2026-10-05 13:24:43.776,633,324,3023.5
2026-10-05 13:24:43.776,463,446,10979.0
2026-10-05 13:24:43.776,762,216,4477.0
2026-10-05 13:24:43.776,683,163,34509.0
2026-10-05 13:24:43.776,493,137,17659.0
2026-10-05 13:24:43.807,598,515,3159.5
2026-10-05 13:24:43.807,298,516,18140.5
2026-10-05 13:24:43.807,961,487,45060.0
2026-10-05 13:24:43.807,636,323,3034.0
2026-10-05 13:24:43.807,464,443,11327.0
2026-10-05 13:24:43.807,759,213,6803.5
2026-10-05 13:24:43.807,689,176,34663.0
2026-10-05 13:24:43.807,496,139,18067.5
2026-10-05 13:24:43.837,598,515,3164.0
2026-10-05 13:24:43.837,298,516,18137.5
2026-10-05 13:24:43.837,961,487,45056.0
2026-10-05 13:24:43.837,636,323,3007.5
2026-10-05 13:24:43.837,691,177,40911.5
2026-10-05 13:24:43.837,483,300,30020.5
2026-10-05 13:24:43.870,598,515,3164.0
2026-10-05 13:24:43.870,298,516,18132.5
2026-10-05 13:24:43.870,961,488,45025.5
2026-10-05 13:24:43.870,637,323,3009.5
2026-10-05 13:24:43.870,675,44,3615.5
2026-10-05 13:24:43.870,692,178,38054.0
2026-10-05 13:24:43.870,485,300,30523.5
2026-10-05 13:24:43.901,598,515,3164.0
2026-10-05 13:24:43.901,298,515,18139.5
2026-10-05 13:24:43.901,961,490,44918.5
2026-10-05 13:24:43.901,809,249,16993.5
2026-10-05 13:24:43.901,587,175,3598.0
2026-10-05 13:24:43.901,675,44,3502.0
2026-10-05 13:24:43.901,666,78,21436.5
2026-10-05 13:24:43.901,486,300,30975.0
2026-10-05 13:24:43.934,598,515,3164.0
2026-10-05 13:24:43.934,298,515,18136.5
2026-10-05 13:24:43.934,961,491,45017.0
2026-10-05 13:24:43.934,812,250,19059.5
2026-10-05 13:24:43.934,588,203,4926.5
2026-10-05 13:24:43.934,674,45,3448.0
2026-10-05 13:24:43.934,668,77,21519.5
2026-10-05 13:24:43.934,487,300,31304.0
2026-10-05 13:24:43.968,598,515,3164.0
2026-10-05 13:24:43.968,298,515,18136.5
2026-10-05 13:24:43.968,961,491,45083.0
2026-10-05 13:24:43.968,812,252,16056.0
2026-10-05 13:24:43.968,588,203,5068.0
2026-10-05 13:24:43.968,675,45,3356.0
2026-10-05 13:24:43.968,668,77,21490.5
2026-10-05 13:24:43.968,487,300,31654.5
2026-10-05 13:24:43.998,599,514,3380.5
2026-10-05 13:24:43.998,298,516,18222.0
2026-10-05 13:24:43.998,961,491,45061.5
2026-10-05 13:24:43.998,812,253,15964.5
2026-10-05 13:24:43.998,589,201,5175.5
2026-10-05 13:24:43.998,676,46,3273.0
2026-10-05 13:24:43.998,668,76,21514.5
2026-10-05 13:24:43.998,488,300,32107.0
2026-10-05 13:24:44.031,599,514,3382.0
2026-10-05 13:24:44.031,298,516,18226.5
2026-10-05 13:24:44.031,961,491,45152.0
2026-10-05 13:24:44.031,813,255,15422.5
2026-10-05 13:24:44.031,589,203,5125.5
2026-10-05 13:24:44.031,677,47,3109.5
2026-10-05 13:24:44.031,611,300,53861.5
2026-10-05 13:24:44.064,599,514,3382.0
2026-10-05 13:24:44.064,298,516,18243.0
2026-10-05 13:24:44.064,960,491,45189.5
2026-10-05 13:24:44.064,812,258,15607.0
2026-10-05 13:24:44.064,588,173,4060.0
2026-10-05 13:24:44.064,669,78,21767.0
2026-10-05 13:24:44.064,485,300,32369.0
2026-10-05 13:24:44.095,599,514,3382.0
2026-10-05 13:24:44.095,298,516,18226.0
2026-10-05 13:24:44.095,955,387,59724.5
2026-10-05 13:24:44.095,669,108,25917.5
2026-10-05 13:24:44.095,482,300,31621.5
2026-10-05 13:24:44.128,599,514,3382.0
2026-10-05 13:24:44.128,298,516,18226.0
2026-10-05 13:24:44.128,955,389,59106.5
2026-10-05 13:24:44.128,669,108,26683.0
2026-10-05 13:24:44.128,481,300,32212.5
2026-10-05 13:24:44.189,597,514,3008.0
2026-10-05 13:24:44.189,299,515,18480.0
2026-10-05 13:24:44.189,765,232,6045.5
2026-10-05 13:24:44.189,945,389,52487.5
2026-10-05 13:24:44.189,669,110,27098.5
2026-10-05 13:24:44.189,467,308,33362.5
2026-10-05 13:24:44.228,597,514,3006.0
2026-10-05 13:24:44.228,298,515,18460.5
2026-10-05 13:24:44.228,948,389,58170.0
2026-10-05 13:24:44.228,669,111,27616.0
2026-10-05 13:24:44.228,466,308,33301.5
2026-10-05 13:24:44.257,597,514,3006.0
2026-10-05 13:24:44.257,298,515,18492.0
2026-10-05 13:24:44.257,950,389,56857.5
2026-10-05 13:24:44.257,669,130,29560.5
2026-10-05 13:24:44.257,466,308,33218.5
2026-10-05 13:24:44.289,597,514,3006.0
2026-10-05 13:24:44.289,298,515,18487.0
2026-10-05 13:24:44.289,943,389,56877.5
2026-10-05 13:24:44.289,668,132,26684.0
2026-10-05 13:24:44.289,466,308,33888.0
2026-10-05 13:24:44.320,597,514,3006.0
2026-10-05 13:24:44.320,298,515,18487.0
2026-10-05 13:24:44.320,926,398,58625.0
2026-10-05 13:24:44.320,671,156,28294.5
2026-10-05 13:24:44.320,465,308,33892.0
2026-10-05 13:24:44.352,597,514,3006.0
2026-10-05 13:24:44.352,298,515,18487.0
2026-10-05 13:24:44.352,958,475,42966.5
2026-10-05 13:24:44.352,786,259,17750.5
2026-10-05 13:24:44.352,671,157,28443.5
2026-10-05 13:24:44.352,465,308,33821.0
2026-10-05 13:24:44.384,299,515,18549.0
2026-10-05 13:24:44.384,957,475,43109.0
2026-10-05 13:24:44.384,787,261,18829.0
2026-10-05 13:24:44.384,671,176,30442.5
2026-10-05 13:24:44.384,466,308,34079.5
2026-10-05 13:24:44.417,299,515,18562.0
2026-10-05 13:24:44.417,957,476,43189.0
2026-10-05 13:24:44.417,788,262,19327.0
2026-10-05 13:24:44.417,668,176,29844.0
2026-10-05 13:24:44.417,466,308,34308.5
2026-10-05 13:24:44.447,299,515,18563.5
2026-10-05 13:24:44.447,635,260,3132.5
2026-10-05 13:24:44.447,928,402,64333.0
2026-10-05 13:24:44.447,670,134,26077.0
2026-10-05 13:24:44.447,466,308,34431.0
2026-10-05 13:24:44.480,299,515,18575.0
2026-10-05 13:24:44.480,635,261,3095.5
2026-10-05 13:24:44.480,928,403,64188.5
2026-10-05 13:24:44.480,699,172,9382.5
2026-10-05 13:24:44.480,667,53,16589.5
2026-10-05 13:24:44.480,465,308,34551.0
2026-10-05 13:24:44.512,299,515,18568.0
2026-10-05 13:24:44.512,636,262,3145.5
2026-10-05 13:24:44.512,929,402,64739.0
2026-10-05 13:24:44.512,700,171,9669.0
2026-10-05 13:24:44.512,667,53,16489.5
2026-10-05 13:24:44.512,465,308,34161.0
2026-10-05 13:24:44.545,299,515,18568.0
2026-10-05 13:24:44.545,643,237,10854.5
2026-10-05 13:24:44.545,929,347,69466.5
2026-10-05 13:24:44.545,668,53,16579.0
2026-10-05 13:24:44.545,465,308,34330.0
2026-10-05 13:24:44.578,808,532,6922.0
2026-10-05 13:24:44.578,299,515,18532.0
2026-10-05 13:24:44.578,631,219,9698.5
2026-10-05 13:24:44.578,930,346,63230.0
2026-10-05 13:24:44.578,648,53,14653.5
2026-10-05 13:24:44.578,465,308,34800.5
2026-10-05 13:24:44.610,808,534,6836.0
2026-10-05 13:24:44.610,299,515,18524.0
2026-10-05 13:24:44.610,632,218,9649.0
2026-10-05 13:24:44.610,930,346,63495.5
2026-10-05 13:24:44.610,668,52,16737.5
2026-10-05 13:24:44.610,465,308,35425.5
2026-10-05 13:24:44.640,808,535,6794.0
2026-10-05 13:24:44.640,299,515,18529.0
2026-10-05 13:24:44.640,623,226,8646.5
2026-10-05 13:24:44.640,931,345,63931.5
2026-10-05 13:24:44.640,649,52,14956.5
2026-10-05 13:24:44.640,465,308,35654.0
2026-10-05 13:24:44.672,808,535,6794.0
2026-10-05 13:24:44.672,299,515,18511.5
2026-10-05 13:24:44.672,610,202,5083.5
2026-10-05 13:24:44.672,931,345,64926.5
2026-10-05 13:24:44.672,649,52,15276.0
2026-10-05 13:24:44.672,466,308,35753.5
2026-10-05 13:24:44.704,808,535,6794.0
2026-10-05 13:24:44.704,299,515,18518.5
2026-10-05 13:24:44.704,610,202,5102.5
2026-10-05 13:24:44.704,931,345,64885.5
2026-10-05 13:24:44.704,649,52,15724.5
2026-10-05 13:24:44.704,466,308,35952.0
2026-10-05 13:24:44.737,299,515,18512.5
2026-10-05 13:24:44.737,604,201,5361.0
2026-10-05 13:24:44.737,931,344,72331.5
2026-10-05 13:24:44.737,649,52,15949.0
2026-10-05 13:24:44.737,466,308,36289.5
2026-10-05 13:24:44.765,299,515,18517.0
2026-10-05 13:24:44.765,605,201,5396.5
2026-10-05 13:24:44.765,931,343,72438.0
2026-10-05 13:24:44.765,649,52,15912.0
2026-10-05 13:24:44.765,465,308,36529.0
2026-10-05 13:24:44.802,299,515,18506.0
2026-10-05 13:24:44.802,606,201,5378.5
2026-10-05 13:24:44.802,931,341,72882.5
2026-10-05 13:24:44.802,650,53,16226.5
2026-10-05 13:24:44.802,466,308,36774.5
2026-10-05 13:24:44.831,299,515,18503.5
2026-10-05 13:24:44.831,607,201,5249.5
2026-10-05 13:24:44.831,932,340,73293.5
2026-10-05 13:24:44.831,650,54,16460.0
2026-10-05 13:24:44.831,466,308,36818.5
2026-10-05 13:24:44.867,299,515,18503.5
2026-10-05 13:24:44.867,608,201,5156.5
2026-10-05 13:24:44.867,932,338,73669.0
2026-10-05 13:24:44.867,651,54,16496.0
2026-10-05 13:24:44.867,466,308,37037.5
2026-10-05 13:24:44.895,299,515,18503.5
2026-10-05 13:24:44.895,609,200,5273.5
2026-10-05 13:24:44.895,933,338,73640.5
2026-10-05 13:24:44.895,650,54,16261.0
2026-10-05 13:24:44.895,466,308,35263.0
2026-10-05 13:24:44.965,298,516,18217.0
2026-10-05 13:24:44.965,740,218,4411.0
2026-10-05 13:24:44.965,634,195,5593.5
2026-10-05 13:24:44.965,954,337,70165.5
2026-10-05 13:24:44.965,649,54,16432.5
2026-10-05 13:24:44.965,466,308,37193.5
2026-10-05 13:24:44.993,298,516,18178.5
2026-10-05 13:24:44.993,646,193,5633.0
2026-10-05 13:24:44.993,935,336,76259.5
2026-10-05 13:24:44.993,650,55,16825.0
2026-10-05 13:24:44.993,505,308,39964.5
2026-10-05 13:24:45.023,595,512,3000.5
2026-10-05 13:24:45.023,298,516,18169.5
2026-10-05 13:24:45.023,646,193,5559.5
2026-10-05 13:24:45.023,940,336,76422.5
2026-10-05 13:24:45.023,650,56,17103.0
2026-10-05 13:24:45.023,505,308,40219.5
2026-10-05 13:24:45.055,595,512,3000.5
2026-10-05 13:24:45.055,298,516,18170.5
2026-10-05 13:24:45.055,646,193,5489.5
2026-10-05 13:24:45.055,940,335,78279.0
2026-10-05 13:24:45.055,652,57,17758.5
2026-10-05 13:24:45.055,505,308,40414.0
2026-10-05 13:24:45.090,595,512,3000.5
2026-10-05 13:24:45.090,298,516,18170.5
2026-10-05 13:24:45.090,646,193,5393.5
2026-10-05 13:24:45.090,912,328,77961.0
2026-10-05 13:24:45.090,652,57,17847.5
2026-10-05 13:24:45.090,503,308,40552.5
2026-10-05 13:24:45.124,597,513,3070.0
2026-10-05 13:24:45.124,298,516,18278.0
2026-10-05 13:24:45.124,733,217,4554.5
2026-10-05 13:24:45.124,647,193,5458.0
2026-10-05 13:24:45.124,911,327,75245.5
2026-10-05 13:24:45.124,653,57,18433.5
2026-10-05 13:24:45.124,486,308,43124.5
2026-10-05 13:24:45.155,298,516,18319.5
2026-10-05 13:24:45.155,734,217,4542.5
2026-10-05 13:24:45.155,646,193,5532.5
2026-10-05 13:24:45.155,941,327,72080.0
2026-10-05 13:24:45.155,654,57,19151.5
2026-10-05 13:24:45.155,453,308,40569.0
2026-10-05 13:24:45.188,597,513,3027.0
2026-10-05 13:24:45.188,298,516,18339.0
2026-10-05 13:24:45.188,734,217,4648.0
2026-10-05 13:24:45.188,629,195,5367.0
2026-10-05 13:24:45.188,911,327,76237.0
2026-10-05 13:24:45.188,654,58,19784.0
2026-10-05 13:24:45.188,453,308,40713.0
2026-10-05 13:24:45.220,597,513,3027.0
2026-10-05 13:24:45.220,298,516,18334.0
2026-10-05 13:24:45.220,644,195,5539.0
2026-10-05 13:24:45.220,908,327,76255.5
2026-10-05 13:24:45.220,655,58,20360.5
2026-10-05 13:24:45.220,477,308,43819.0
2026-10-05 13:24:45.247,597,513,3027.0
2026-10-05 13:24:45.247,298,516,18326.0
2026-10-05 13:24:45.247,644,198,5502.0
2026-10-05 13:24:45.247,905,328,76746.0
2026-10-05 13:24:45.247,656,59,20791.0
2026-10-05 13:24:45.247,473,308,43660.0
2026-10-05 13:24:45.279,597,513,3027.0
2026-10-05 13:24:45.279,298,516,18326.0
2026-10-05 13:24:45.279,642,200,5565.0
2026-10-05 13:24:45.279,900,328,77016.5
2026-10-05 13:24:45.279,657,59,20966.0
2026-10-05 13:24:45.279,469,308,43059.0
2026-10-05 13:24:45.309,802,541,6158.0
2026-10-05 13:24:45.309,298,516,18463.0
2026-10-05 13:24:45.309,867,329,75726.0
2026-10-05 13:24:45.309,659,59,21553.5
2026-10-05 13:24:45.309,464,308,45753.5
2026-10-05 13:24:45.343,298,516,18497.5
2026-10-05 13:24:45.343,876,331,83401.0
2026-10-05 13:24:45.343,660,59,21337.5
2026-10-05 13:24:45.343,458,308,45102.0
2026-10-05 13:24:45.383,298,516,18506.0
2026-10-05 13:24:45.383,875,332,82325.5
2026-10-05 13:24:45.383,661,59,21965.0
2026-10-05 13:24:45.383,451,308,44964.0
2026-10-05 13:24:45.408,298,516,18508.5
2026-10-05 13:24:45.408,874,333,80469.5
2026-10-05 13:24:45.408,661,58,22811.5
2026-10-05 13:24:45.408,451,308,44742.5
2026-10-05 13:24:45.439,298,516,18508.5
2026-10-05 13:24:45.439,981,477,48059.0
2026-10-05 13:24:45.439,641,193,5424.5
2026-10-05 13:24:45.439,749,234,25621.0
2026-10-05 13:24:45.439,661,58,23610.5
2026-10-05 13:24:45.439,451,308,44381.0
2026-10-05 13:24:45.471,298,516,18508.5
2026-10-05 13:24:45.471,635,195,5261.5
2026-10-05 13:24:45.471,892,334,72999.0
2026-10-05 13:24:45.471,661,59,24603.0
2026-10-05 13:24:45.471,451,308,43923.0
2026-10-05 13:24:45.508,298,516,18623.0
2026-10-05 13:24:45.508,627,196,5043.5
2026-10-05 13:24:45.508,890,335,76259.0
2026-10-05 13:24:45.508,661,60,25020.0
2026-10-05 13:24:45.508,465,308,42014.0
2026-10-05 13:24:45.539,298,516,18614.0
2026-10-05 13:24:45.539,625,197,4948.0
2026-10-05 13:24:45.539,888,335,76755.5
2026-10-05 13:24:45.539,659,61,25232.5
2026-10-05 13:24:45.539,464,308,41864.0
2026-10-05 13:24:45.570,298,516,18611.5
2026-10-05 13:24:45.570,614,200,4735.5
2026-10-05 13:24:45.570,891,335,74038.0
2026-10-05 13:24:45.570,660,61,25412.0
2026-10-05 13:24:45.570,464,308,40509.0
2026-10-05 13:24:45.602,298,516,18612.5
2026-10-05 13:24:45.602,609,202,4502.5
2026-10-05 13:24:45.602,907,336,76077.5
2026-10-05 13:24:45.602,662,62,25539.0
2026-10-05 13:24:45.602,464,308,41117.0
2026-10-05 13:24:45.637,298,516,18612.5
2026-10-05 13:24:45.637,607,203,4279.5
2026-10-05 13:24:45.637,930,336,71831.0
2026-10-05 13:24:45.637,660,63,25739.0
2026-10-05 13:24:45.637,463,308,40907.5
2026-10-05 13:24:45.707,298,516,18641.0
2026-10-05 13:24:45.707,605,204,4247.5
2026-10-05 13:24:45.707,930,336,72588.0
2026-10-05 13:24:45.707,659,64,25882.0
2026-10-05 13:24:45.707,464,308,40860.5
2026-10-05 13:24:45.735,710,484,3088.5
2026-10-05 13:24:45.735,298,516,18636.5
2026-10-05 13:24:45.735,606,205,4105.5
2026-10-05 13:24:45.735,933,337,72450.0
2026-10-05 13:24:45.735,658,64,25838.0
2026-10-05 13:24:45.735,463,308,39469.0
2026-10-05 13:24:45.768,298,516,18647.5
2026-10-05 13:24:45.768,607,206,3918.5
2026-10-05 13:24:45.768,932,339,70704.5
2026-10-05 13:24:45.768,655,64,26032.0
2026-10-05 13:24:45.768,461,308,39717.5
2026-10-05 13:24:45.799,298,516,18640.5
2026-10-05 13:24:45.799,448,509,15206.0
2026-10-05 13:24:45.799,608,206,3811.5
2026-10-05 13:24:45.799,926,339,70589.5
2026-10-05 13:24:45.799,654,66,26447.0
2026-10-05 13:24:45.799,487,201,21815.5
2026-10-05 13:24:45.831,296,516,18622.5
2026-10-05 13:24:45.831,612,204,3642.0
2026-10-05 13:24:45.831,921,310,70956.0
2026-10-05 13:24:45.831,655,67,26556.5
2026-10-05 13:24:45.831,458,308,37190.5
2026-10-05 13:24:45.863,296,516,18618.5
2026-10-05 13:24:45.863,942,426,61527.0
2026-10-05 13:24:45.863,612,204,3608.0
2026-10-05 13:24:45.863,825,113,7421.5
2026-10-05 13:24:45.863,657,67,26392.0
2026-10-05 13:24:45.863,456,308,36487.5
2026-10-05 13:24:45.898,630,493,6036.5
2026-10-05 13:24:45.898,938,427,60857.0
2026-10-05 13:24:45.898,612,204,3659.5
2026-10-05 13:24:45.898,823,109,7436.0
2026-10-05 13:24:45.898,656,67,26756.0
2026-10-05 13:24:45.898,365,310,54076.5
2026-10-05 13:24:45.928,429,487,43696.0
2026-10-05 13:24:45.928,934,461,57261.5
2026-10-05 13:24:45.928,828,290,3912.5
2026-10-05 13:24:45.928,614,201,3768.0
2026-10-05 13:24:45.928,686,103,33837.0
2026-10-05 13:24:45.928,480,177,16432.5
2026-10-05 13:24:45.961,429,482,44901.0
2026-10-05 13:24:45.961,722,332,3902.0
2026-10-05 13:24:45.961,929,400,57990.0
2026-10-05 13:24:45.961,454,234,8213.0
2026-10-05 13:24:45.961,615,200,3951.0
2026-10-05 13:24:45.961,686,101,33638.0
2026-10-05 13:24:45.961,497,69,6669.5
2026-10-05 13:24:45.994,714,330,3575.0
2026-10-05 13:24:45.994,429,458,49641.0
2026-10-05 13:24:45.994,455,227,6215.0
2026-10-05 13:24:45.994,615,200,3994.0
2026-10-05 13:24:45.994,756,175,4641.5
2026-10-05 13:24:45.994,961,344,60939.5
2026-10-05 13:24:45.994,651,73,30397.5
2026-10-05 13:24:45.994,496,61,6092.5
2026-10-05 13:24:46.026,707,329,3000.0
2026-10-05 13:24:46.026,613,201,4078.0
2026-10-05 13:24:46.026,756,178,5512.0
2026-10-05 13:24:46.026,961,346,61106.5
2026-10-05 13:24:46.026,477,310,91329.5
2026-10-05 13:24:46.026,494,57,5536.0
2026-10-05 13:24:46.059,958,491,52220.0
2026-10-05 13:24:46.059,609,203,4257.5
2026-10-05 13:24:46.059,758,181,6398.0
2026-10-05 13:24:46.059,825,217,8680.5
2026-10-05 13:24:46.059,477,310,93061.0
2026-10-05 13:24:46.059,492,52,4947.5
2026-10-05 13:24:46.092,691,506,4003.0
2026-10-05 13:24:46.092,955,490,52911.5
2026-10-05 13:24:46.092,367,443,51436.5
2026-10-05 13:24:46.092,608,204,4243.5
2026-10-05 13:24:46.092,757,183,7382.0
2026-10-05 13:24:46.092,821,202,7812.5
2026-10-05 13:24:46.092,623,135,45455.0
2026-10-05 13:24:46.122,691,503,3998.5
2026-10-05 13:24:46.122,976,491,51948.5
2026-10-05 13:24:46.122,363,439,52630.0
2026-10-05 13:24:46.122,612,202,4168.0
2026-10-05 13:24:46.122,756,185,8102.0
2026-10-05 13:24:46.122,629,172,49381.0
2026-10-05 13:24:46.122,490,47,3990.0
2026-10-05 13:24:46.157,691,506,3949.0
2026-10-05 13:24:46.157,975,491,52168.0
2026-10-05 13:24:46.157,363,431,52813.5
2026-10-05 13:24:46.157,611,203,4122.0
2026-10-05 13:24:46.157,756,185,8783.5
2026-10-05 13:24:46.157,812,215,6913.5
2026-10-05 13:24:46.157,623,135,46709.0
2026-10-05 13:24:46.188,691,506,3949.0
2026-10-05 13:24:46.188,974,491,52363.5
2026-10-05 13:24:46.188,363,420,53760.0
2026-10-05 13:24:46.188,471,213,3842.5
2026-10-05 13:24:46.188,612,195,3884.5
2026-10-05 13:24:46.188,756,186,9221.5
2026-10-05 13:24:46.188,623,100,39768.5
2026-10-05 13:24:46.221,691,506,3949.0
2026-10-05 13:24:46.221,973,491,52460.5
2026-10-05 13:24:46.221,363,407,54675.5
2026-10-05 13:24:46.221,637,202,4513.0
2026-10-05 13:24:46.221,755,186,9581.5
2026-10-05 13:24:46.221,623,135,48839.0
2026-10-05 13:24:46.254,691,506,3949.0
2026-10-05 13:24:46.254,972,491,52533.0
2026-10-05 13:24:46.254,650,202,4520.5
2026-10-05 13:24:46.254,771,226,14714.0
2026-10-05 13:24:46.254,478,310,107093.5
2026-10-05 13:24:46.286,634,526,3015.0
2026-10-05 13:24:46.286,536,475,3708.0
2026-10-05 13:24:46.286,967,491,53969.0
2026-10-05 13:24:46.286,648,203,4223.5
2026-10-05 13:24:46.286,769,225,15267.0
2026-10-05 13:24:46.286,479,310,103985.5
2026-10-05 13:24:46.317,634,526,3015.0
2026-10-05 13:24:46.317,535,477,3462.5
2026-10-05 13:24:46.317,967,491,54121.5
2026-10-05 13:24:46.317,644,203,4206.5
2026-10-05 13:24:46.317,481,310,120216.0
2026-10-05 13:24:46.349,634,526,3015.0
2026-10-05 13:24:46.349,535,478,3370.0
2026-10-05 13:24:46.349,967,489,54305.0
2026-10-05 13:24:46.349,473,212,4108.0
2026-10-05 13:24:46.349,643,203,4092.0
2026-10-05 13:24:46.349,481,310,119884.5
2026-10-05 13:24:46.383,634,526,3015.0
2026-10-05 13:24:46.383,535,478,3365.0
2026-10-05 13:24:46.383,967,487,54459.5
2026-10-05 13:24:46.383,473,212,4131.5
2026-10-05 13:24:46.383,642,203,4098.0
2026-10-05 13:24:46.383,481,310,121308.5
2026-10-05 13:24:46.413,634,526,3015.0
2026-10-05 13:24:46.413,535,478,3365.0
2026-10-05 13:24:46.413,967,487,54543.0
2026-10-05 13:24:46.413,473,213,4126.0
2026-10-05 13:24:46.413,642,204,3895.0
2026-10-05 13:24:46.413,481,310,122592.5
2026-10-05 13:24:46.480,616,526,3225.5
2026-10-05 13:24:46.480,964,486,55291.5
2026-10-05 13:24:46.480,473,213,4140.0
2026-10-05 13:24:46.480,641,203,3855.5
2026-10-05 13:24:46.480,481,310,124479.0
2026-10-05 13:24:46.514,616,526,3230.0
2026-10-05 13:24:46.514,964,476,55561.0
2026-10-05 13:24:46.514,473,213,4321.5
2026-10-05 13:24:46.514,641,203,3826.0
2026-10-05 13:24:46.514,481,310,124226.0
2026-10-05 13:24:46.545,616,526,3230.0
2026-10-05 13:24:46.545,964,476,55653.5
2026-10-05 13:24:46.545,473,213,4468.5
2026-10-05 13:24:46.545,640,203,3757.5
2026-10-05 13:24:46.545,481,310,124621.0
2026-10-05 13:24:46.579,616,526,3230.0
2026-10-05 13:24:46.579,964,475,55759.0
2026-10-05 13:24:46.579,473,213,4474.5
2026-10-05 13:24:46.579,640,203,3809.0
2026-10-05 13:24:46.579,481,310,124928.0
2026-10-05 13:24:46.608,616,526,3230.0
2026-10-05 13:24:46.608,964,475,55818.0
2026-10-05 13:24:46.608,473,213,4601.0
2026-10-05 13:24:46.608,640,203,3867.0
2026-10-05 13:24:46.608,481,310,124202.0
2026-10-05 13:24:46.642,616,526,3230.0
2026-10-05 13:24:46.642,964,475,55855.0
2026-10-05 13:24:46.642,473,213,4597.0
2026-10-05 13:24:46.642,640,203,3909.0
2026-10-05 13:24:46.642,481,310,123994.5
2026-10-05 13:24:46.675,617,526,3197.0
2026-10-05 13:24:46.675,966,476,56068.5
2026-10-05 13:24:46.675,473,213,4519.5
2026-10-05 13:24:46.675,641,202,4114.0
2026-10-05 13:24:46.675,481,310,123018.5
2026-10-05 13:24:46.708,617,526,3197.0
2026-10-05 13:24:46.708,966,475,56127.0
2026-10-05 13:24:46.708,473,213,4467.5
2026-10-05 13:24:46.708,643,202,4255.5
2026-10-05 13:24:46.708,481,310,122053.5
2026-10-05 13:24:46.741,617,526,3197.0
2026-10-05 13:24:46.741,967,475,56124.5
2026-10-05 13:24:46.741,473,213,4244.5
2026-10-05 13:24:46.741,636,200,4674.0
2026-10-05 13:24:46.741,481,310,122012.5
2026-10-05 13:24:46.773,617,526,3197.0
2026-10-05 13:24:46.773,967,475,56132.5
2026-10-05 13:24:46.773,473,213,4083.5
2026-10-05 13:24:46.773,622,198,5158.0
2026-10-05 13:24:46.773,481,310,119526.5
2026-10-05 13:24:46.805,617,526,3197.0
2026-10-05 13:24:46.805,967,475,56114.0
2026-10-05 13:24:46.805,626,197,5657.0
2026-10-05 13:24:46.805,481,310,121253.0
2026-10-05 13:24:46.836,555,544,3067.5
2026-10-05 13:24:46.836,687,499,4683.0
2026-10-05 13:24:46.836,538,465,3545.0
2026-10-05 13:24:46.836,968,476,56549.5
2026-10-05 13:24:46.836,628,291,3193.0
2026-10-05 13:24:46.836,630,195,6056.0
2026-10-05 13:24:46.836,481,310,111587.0
2026-10-05 13:24:46.872,636,510,8664.0
2026-10-05 13:24:46.872,539,472,3202.5
2026-10-05 13:24:46.872,966,472,56787.5
2026-10-05 13:24:46.872,637,288,3169.0
2026-10-05 13:24:46.872,623,195,9277.0
2026-10-05 13:24:46.872,481,310,104821.0
2026-10-05 13:24:46.906,636,513,8619.0
2026-10-05 13:24:46.906,965,476,56010.0
2026-10-05 13:24:46.906,644,285,3058.5
2026-10-05 13:24:46.906,640,191,9593.5
2026-10-05 13:24:46.906,481,310,101679.0
2026-10-05 13:24:46.936,636,513,8612.5
2026-10-05 13:24:46.936,437,524,11835.5
2026-10-05 13:24:46.936,966,491,54444.5
2026-10-05 13:24:46.936,643,184,7294.5
2026-10-05 13:24:46.936,481,310,86387.0
2026-10-05 13:24:46.968,636,513,8606.5
2026-10-05 13:24:46.968,966,491,54651.5
2026-10-05 13:24:46.968,631,301,7917.0
2026-10-05 13:24:46.968,630,178,8536.0
2026-10-05 13:24:46.968,481,310,89008.5
2026-10-05 13:24:47.012,636,513,8606.5
2026-10-05 13:24:47.012,437,516,12494.0
2026-10-05 13:24:47.012,290,518,17698.5
2026-10-05 13:24:47.012,966,487,54335.0
2026-10-05 13:24:47.012,665,306,7624.0
2026-10-05 13:24:47.012,630,207,66344.5
2026-10-05 13:24:47.030,633,505,4601.0
2026-10-05 13:24:47.030,290,517,17600.0
2026-10-05 13:24:47.030,431,511,11269.0
2026-10-05 13:24:47.030,969,482,53243.5
2026-10-05 13:24:47.030,508,314,3821.5
2026-10-05 13:24:47.030,631,280,4815.5
2026-10-05 13:24:47.030,639,174,62798.0
2026-10-05 13:24:47.063,658,517,3149.0
2026-10-05 13:24:47.063,292,517,17680.0
2026-10-05 13:24:47.063,432,439,14775.5
2026-10-05 13:24:47.063,640,274,5656.0
2026-10-05 13:24:47.063,799,310,117457.0
2026-10-05 13:24:47.063,484,47,3532.5
2026-10-05 13:24:47.100,658,517,3149.0
2026-10-05 13:24:47.100,293,517,17743.0
2026-10-05 13:24:47.100,434,487,13117.5
2026-10-05 13:24:47.100,635,269,6513.5
2026-10-05 13:24:47.100,799,310,115681.0
2026-10-05 13:24:47.100,488,51,4092.0
2026-10-05 13:24:47.127,658,517,3149.0
2026-10-05 13:24:47.127,293,517,17760.5
2026-10-05 13:24:47.127,435,484,13737.5
2026-10-05 13:24:47.127,889,417,75344.5
2026-10-05 13:24:47.127,702,163,11607.5
2026-10-05 13:24:47.127,623,171,36326.0
2026-10-05 13:24:47.127,490,55,4698.0
2026-10-05 13:24:47.162,658,517,3149.0
2026-10-05 13:24:47.162,295,516,17821.5
2026-10-05 13:24:47.162,435,477,14299.5
2026-10-05 13:24:47.162,891,413,75649.5
2026-10-05 13:24:47.162,704,175,12153.0
2026-10-05 13:24:47.162,623,151,34629.0
2026-10-05 13:24:47.162,494,60,5370.0
2026-10-05 13:24:47.196,658,517,3149.0
2026-10-05 13:24:47.196,295,516,17821.5
2026-10-05 13:24:47.196,466,458,16707.5
2026-10-05 13:24:47.196,473,208,10315.5
2026-10-05 13:24:47.196,876,347,86917.0
2026-10-05 13:24:47.196,635,70,21198.0
2026-10-05 13:24:47.196,497,66,6121.5
2026-10-05 13:24:47.260,295,516,17929.0
2026-10-05 13:24:47.260,864,340,85657.0
2026-10-05 13:24:47.260,643,56,21174.0
2026-10-05 13:24:47.260,474,308,36770.5
2026-10-05 13:24:47.295,296,516,18024.0
2026-10-05 13:24:47.295,868,336,87408.0
2026-10-05 13:24:47.295,646,59,22742.5
2026-10-05 13:24:47.295,483,308,39019.5
2026-10-05 13:24:47.324,298,516,18076.0
2026-10-05 13:24:47.324,872,326,93088.0
2026-10-05 13:24:47.324,650,62,23179.0
2026-10-05 13:24:47.324,491,308,41610.5
2026-10-05 13:24:47.357,298,516,18079.0
2026-10-05 13:24:47.357,628,322,3392.5
2026-10-05 13:24:47.357,901,324,89345.5
2026-10-05 13:24:47.357,654,62,23482.5
2026-10-05 13:24:47.357,444,308,39429.0
2026-10-05 13:24:47.391,298,516,18088.0
2026-10-05 13:24:47.391,634,322,3534.0
2026-10-05 13:24:47.391,939,322,87807.0
2026-10-05 13:24:47.391,659,62,23336.0
2026-10-05 13:24:47.391,446,308,40992.5
2026-10-05 13:24:47.422,597,516,3102.0
2026-10-05 13:24:47.422,298,516,18406.5
2026-10-05 13:24:47.422,641,323,3518.0
2026-10-05 13:24:47.422,944,310,85954.0
2026-10-05 13:24:47.422,662,63,23519.0
2026-10-05 13:24:47.422,467,310,45684.5
2026-10-05 13:24:47.454,598,517,3208.5
2026-10-05 13:24:47.454,298,516,18414.0
2026-10-05 13:24:47.454,888,310,90112.0
2026-10-05 13:24:47.454,663,65,23382.0
2026-10-05 13:24:47.454,470,310,47708.5
2026-10-05 13:24:47.489,597,516,3290.0
2026-10-05 13:24:47.489,298,516,18381.0
2026-10-05 13:24:47.489,889,310,90589.5
2026-10-05 13:24:47.489,663,64,23382.5
2026-10-05 13:24:47.489,470,310,49377.5
2026-10-05 13:24:47.520,597,515,3321.5
2026-10-05 13:24:47.520,298,516,18389.5
2026-10-05 13:24:47.520,652,319,3086.5
2026-10-05 13:24:47.520,956,310,88636.0
2026-10-05 13:24:47.520,666,64,23060.5
2026-10-05 13:24:47.520,474,310,50293.5
2026-10-05 13:24:47.551,597,515,3321.5
2026-10-05 13:24:47.551,298,516,18394.0
2026-10-05 13:24:47.551,960,310,92680.5
2026-10-05 13:24:47.551,669,65,23042.0
2026-10-05 13:24:47.551,474,310,52070.0
2026-10-05 13:24:47.581,597,515,3321.5
2026-10-05 13:24:47.581,298,516,18394.0
2026-10-05 13:24:47.581,778,188,3730.5
2026-10-05 13:24:47.581,962,310,90243.0
2026-10-05 13:24:47.581,670,65,22746.0
2026-10-05 13:24:47.581,500,310,56069.0
2026-10-05 13:24:47.615,599,516,3771.0
2026-10-05 13:24:47.615,298,516,18355.5
2026-10-05 13:24:47.615,778,188,3758.5
2026-10-05 13:24:47.615,965,310,90831.0
2026-10-05 13:24:47.615,675,65,22562.5
2026-10-05 13:24:47.615,500,310,58513.5
2026-10-05 13:24:47.649,599,516,3833.0
2026-10-05 13:24:47.649,298,516,18322.5
2026-10-05 13:24:47.649,777,189,3720.0
2026-10-05 13:24:47.649,966,310,91865.0
2026-10-05 13:24:47.649,677,65,22076.0
2026-10-05 13:24:47.649,500,310,60446.5
2026-10-05 13:24:47.681,599,516,3840.0
2026-10-05 13:24:47.681,298,516,18294.5
2026-10-05 13:24:47.681,984,475,52751.0
2026-10-05 13:24:47.681,777,189,3631.5
2026-10-05 13:24:47.681,850,213,39780.5
2026-10-05 13:24:47.681,681,65,22189.0
2026-10-05 13:24:47.681,513,310,63232.0
2026-10-05 13:24:47.717,599,515,3889.0
2026-10-05 13:24:47.717,298,516,18293.0
2026-10-05 13:24:47.717,984,477,51521.5
2026-10-05 13:24:47.717,626,226,3011.0
2026-10-05 13:24:47.717,777,189,3478.5
2026-10-05 13:24:47.717,850,215,40832.5
2026-10-05 13:24:47.717,685,65,21811.5
2026-10-05 13:24:47.717,512,310,65410.0
2026-10-05 13:24:47.747,599,515,3889.0
2026-10-05 13:24:47.747,298,516,18291.0
2026-10-05 13:24:47.747,628,227,3213.0
2026-10-05 13:24:47.747,969,310,93940.5
2026-10-05 13:24:47.747,690,64,20757.5
2026-10-05 13:24:47.747,513,310,67473.5
2026-10-05 13:24:47.779,597,512,3988.5
2026-10-05 13:24:47.779,281,528,20024.0
2026-10-05 13:24:47.779,630,236,3687.0
2026-10-05 13:24:47.779,975,322,102729.0
2026-10-05 13:24:47.779,693,64,19934.0
2026-10-05 13:24:47.779,514,321,71095.0
2026-10-05 13:24:47.810,597,512,4019.5
2026-10-05 13:24:47.810,281,528,19998.5
2026-10-05 13:24:47.810,978,487,60484.0
2026-10-05 13:24:47.810,632,235,3806.5
2026-10-05 13:24:47.810,740,144,3374.0
2026-10-05 13:24:47.810,874,164,44031.5
2026-10-05 13:24:47.810,694,63,19588.0
2026-10-05 13:24:47.810,486,321,70195.0
2026-10-05 13:24:47.845,598,513,4009.5
2026-10-05 13:24:47.845,281,528,19971.0
2026-10-05 13:24:47.845,980,489,60270.5
2026-10-05 13:24:47.845,633,235,3883.5
2026-10-05 13:24:47.845,779,210,3065.0
2026-10-05 13:24:47.845,741,145,3723.0
2026-10-05 13:24:47.845,879,165,45166.5
2026-10-05 13:24:47.845,695,62,18959.5
2026-10-05 13:24:47.845,489,321,71776.0
2026-10-05 13:24:47.874,598,513,4002.5
2026-10-05 13:24:47.874,281,528,19965.5
2026-10-05 13:24:47.874,981,492,58801.0
2026-10-05 13:24:47.874,632,235,3959.0
2026-10-05 13:24:47.874,768,206,3647.5
2026-10-05 13:24:47.874,743,145,4061.5
2026-10-05 13:24:47.874,883,165,46757.0
2026-10-05 13:24:47.874,696,61,18589.0
2026-10-05 13:24:47.874,492,321,73148.5
2026-10-05 13:24:47.907,598,512,4015.5
2026-10-05 13:24:47.907,281,528,19973.5
2026-10-05 13:24:47.907,982,494,58451.5
2026-10-05 13:24:47.907,633,236,3978.0
2026-10-05 13:24:47.907,744,185,8460.5
2026-10-05 13:24:47.907,887,165,47845.0
2026-10-05 13:24:47.907,699,61,18237.0
2026-10-05 13:24:47.907,494,321,74397.0
2026-10-05 13:24:47.944,598,512,4015.5
2026-10-05 13:24:47.944,281,528,19974.5
2026-10-05 13:24:47.944,983,488,59122.0
2026-10-05 13:24:47.944,634,235,4076.5
2026-10-05 13:24:47.944,743,184,8764.5
2026-10-05 13:24:47.944,889,165,48388.5
2026-10-05 13:24:47.944,700,61,17909.5
2026-10-05 13:24:47.944,496,321,75309.0
2026-10-05 13:24:48.005,596,505,3824.0
2026-10-05 13:24:48.005,281,528,20103.5
2026-10-05 13:24:48.005,982,497,58627.0
2026-10-05 13:24:48.005,643,237,4325.0
2026-10-05 13:24:48.005,743,184,8952.0
2026-10-05 13:24:48.005,893,194,50782.0
2026-10-05 13:24:48.005,701,61,17461.0
2026-10-05 13:24:48.005,498,321,76475.0
2026-10-05 13:24:48.039,596,505,3782.0
2026-10-05 13:24:48.039,281,528,20149.0
2026-10-05 13:24:48.039,982,498,58420.0
2026-10-05 13:24:48.039,643,238,4403.5
2026-10-05 13:24:48.039,744,184,9001.0
2026-10-05 13:24:48.039,895,194,51479.0
2026-10-05 13:24:48.039,702,61,17281.5
2026-10-05 13:24:48.039,500,321,77744.0
2026-10-05 13:24:48.072,597,506,3771.0
2026-10-05 13:24:48.072,281,528,20159.5
2026-10-05 13:24:48.072,982,498,58370.5
2026-10-05 13:24:48.072,643,238,4333.5
2026-10-05 13:24:48.072,744,184,9142.0
2026-10-05 13:24:48.072,896,188,52143.5
2026-10-05 13:24:48.072,702,61,17029.5
2026-10-05 13:24:48.072,501,321,78476.0
2026-10-05 13:24:48.104,597,505,3767.5
2026-10-05 13:24:48.104,281,528,20154.5
2026-10-05 13:24:48.104,983,498,58240.5
2026-10-05 13:24:48.104,644,238,4263.0
2026-10-05 13:24:48.104,744,184,9130.0
2026-10-05 13:24:48.104,897,188,52709.5
2026-10-05 13:24:48.104,704,61,16894.5
2026-10-05 13:24:48.104,502,321,78997.5
2026-10-05 13:24:48.138,597,505,3782.5
2026-10-05 13:24:48.138,281,528,20162.5
2026-10-05 13:24:48.138,983,498,58262.0
2026-10-05 13:24:48.138,643,237,4178.0
2026-10-05 13:24:48.138,744,184,9124.0
2026-10-05 13:24:48.138,898,188,52917.5
2026-10-05 13:24:48.138,704,61,16784.5
2026-10-05 13:24:48.138,502,321,79335.5
2026-10-05 13:24:48.168,597,505,3782.5
2026-10-05 13:24:48.168,281,528,20165.5
2026-10-05 13:24:48.168,984,498,58330.0
2026-10-05 13:24:48.168,643,237,4088.5
2026-10-05 13:24:48.168,744,184,9114.0
2026-10-05 13:24:48.168,897,188,52882.5
2026-10-05 13:24:48.168,704,61,16721.0
2026-10-05 13:24:48.168,502,321,79465.0
2026-10-05 13:24:48.202,599,507,3751.5
2026-10-05 13:24:48.202,281,528,20331.0
2026-10-05 13:24:48.202,984,497,58682.5
2026-10-05 13:24:48.202,641,235,3903.0
2026-10-05 13:24:48.202,744,184,8962.0
2026-10-05 13:24:48.202,895,188,52638.0
2026-10-05 13:24:48.202,703,61,16734.5
2026-10-05 13:24:48.202,498,321,80030.5
2026-10-05 13:24:48.234,599,507,3722.5
2026-10-05 13:24:48.234,281,528,20373.0
2026-10-05 13:24:48.234,635,235,3693.5
2026-10-05 13:24:48.234,743,184,8794.0
2026-10-05 13:24:48.234,980,322,111415.5
2026-10-05 13:24:48.234,703,61,16956.5
2026-10-05 13:24:48.234,501,321,79603.5
2026-10-05 13:24:48.264,599,507,3721.5
2026-10-05 13:24:48.264,281,528,20406.5
2026-10-05 13:24:48.264,634,229,3297.0
2026-10-05 13:24:48.264,742,184,8143.0
2026-10-05 13:24:48.264,977,322,110380.5
2026-10-05 13:24:48.264,567,321,96259.5
2026-10-05 13:24:48.299,599,507,3720.5
2026-10-05 13:24:48.299,281,528,20370.5
2026-10-05 13:24:48.299,974,490,60909.0
2026-10-05 13:24:48.299,633,229,3302.5
2026-10-05 13:24:48.299,778,210,3057.0
2026-10-05 13:24:48.299,743,145,3864.0
2026-10-05 13:24:48.299,883,165,49632.0
2026-10-05 13:24:48.299,567,321,98241.0
2026-10-05 13:24:48.332,599,507,3720.5
2026-10-05 13:24:48.332,281,528,20369.5
2026-10-05 13:24:48.332,970,487,61757.5
2026-10-05 13:24:48.332,632,229,3225.0
2026-10-05 13:24:48.332,742,144,3578.5
2026-10-05 13:24:48.332,878,165,48677.5
2026-10-05 13:24:48.332,567,321,97620.5
2026-10-05 13:24:48.363,599,507,3720.5
2026-10-05 13:24:48.363,281,528,20376.5
2026-10-05 13:24:48.363,632,228,3169.0
2026-10-05 13:24:48.363,741,144,3247.0
2026-10-05 13:24:48.363,963,322,108943.5
2026-10-05 13:24:48.363,568,321,97004.5
2026-10-05 13:24:48.397,598,506,3313.5
2026-10-05 13:24:48.397,281,528,20390.0
2026-10-05 13:24:48.397,962,322,108180.5
2026-10-05 13:24:48.397,581,321,94229.5
2026-10-05 13:24:48.428,598,506,3255.0
2026-10-05 13:24:48.428,281,528,20335.0
2026-10-05 13:24:48.428,989,491,57074.5
2026-10-05 13:24:48.428,843,196,47965.0
2026-10-05 13:24:48.428,696,62,18303.5
2026-10-05 13:24:48.428,512,321,76673.5
2026-10-05 13:24:48.458,598,507,3227.5
2026-10-05 13:24:48.458,281,528,20282.5
2026-10-05 13:24:48.458,990,491,58285.5
2026-10-05 13:24:48.458,778,189,3503.5
2026-10-05 13:24:48.458,693,62,18841.0
2026-10-05 13:24:48.458,637,321,121876.0
2026-10-05 13:24:48.492,598,508,3212.5
2026-10-05 13:24:48.492,281,528,20281.5
2026-10-05 13:24:48.492,990,485,59311.0
2026-10-05 13:24:48.492,829,175,46317.5
2026-10-05 13:24:48.492,691,62,18252.5
2026-10-05 13:24:48.492,508,321,73827.0
2026-10-05 13:24:48.525,598,508,3212.5
2026-10-05 13:24:48.525,281,528,20268.5
2026-10-05 13:24:48.525,943,322,104972.5
2026-10-05 13:24:48.525,690,61,17973.0
2026-10-05 13:24:48.525,500,321,72453.0
2026-10-05 13:24:48.558,281,528,19938.0
2026-10-05 13:24:48.558,947,322,98181.5
2026-10-05 13:24:48.558,687,61,17293.5
2026-10-05 13:24:48.558,510,321,67911.5
2026-10-05 13:24:48.591,281,528,19900.5
2026-10-05 13:24:48.591,759,212,3699.0
2026-10-05 13:24:48.591,658,174,8723.0
2026-10-05 13:24:48.591,915,322,91156.0
2026-10-05 13:24:48.591,683,59,15191.5
2026-10-05 13:24:48.591,516,321,66999.0
2026-10-05 13:24:48.625,281,528,19891.0
2026-10-05 13:24:48.625,741,215,4152.0
2026-10-05 13:24:48.625,644,194,6296.0
2026-10-05 13:24:48.625,960,322,84771.0
2026-10-05 13:24:48.625,679,56,13209.0
2026-10-05 13:24:48.625,492,321,63705.0
2026-10-05 13:24:48.656,281,528,19883.0
2026-10-05 13:24:48.656,738,216,3917.0
2026-10-05 13:24:48.656,950,322,82375.5
2026-10-05 13:24:48.656,674,52,11606.0
2026-10-05 13:24:48.656,526,321,70388.5
2026-10-05 13:24:48.687,851,543,13080.5
2026-10-05 13:24:48.687,281,528,19892.0
2026-10-05 13:24:48.687,650,170,5122.0
2026-10-05 13:24:48.687,932,322,70209.5
2026-10-05 13:24:48.687,672,50,10719.5
2026-10-05 13:24:48.687,516,321,62457.5
2026-10-05 13:24:48.719,851,543,13080.5
2026-10-05 13:24:48.719,281,528,19894.0
2026-10-05 13:24:48.719,740,256,8001.0
2026-10-05 13:24:48.719,878,336,62837.0
2026-10-05 13:24:48.719,572,321,69961.5
2026-10-05 13:24:48.787,281,528,19703.0
2026-10-05 13:24:48.787,738,213,6793.0
2026-10-05 13:24:48.787,874,341,68750.5
2026-10-05 13:24:48.787,573,321,66139.0
2026-10-05 13:24:48.817,281,528,19642.0
2026-10-05 13:24:48.817,959,503,45525.0
2026-10-05 13:24:48.817,850,271,7025.5
2026-10-05 13:24:48.817,737,204,7049.5
2026-10-05 13:24:48.817,705,125,13910.0
2026-10-05 13:24:48.817,664,48,8992.0
2026-10-05 13:24:48.817,512,321,53960.5
2026-10-05 13:24:48.847,281,528,19637.0
2026-10-05 13:24:48.847,959,503,45846.5
2026-10-05 13:24:48.847,843,275,6121.0
2026-10-05 13:24:48.847,734,202,7769.0
2026-10-05 13:24:48.847,698,120,11728.5
2026-10-05 13:24:48.847,574,321,60893.5
2026-10-05 13:24:48.881,281,528,19620.5
2026-10-05 13:24:48.881,959,503,45980.0
2026-10-05 13:24:48.881,839,253,5499.0
2026-10-05 13:24:48.881,734,200,7712.0
2026-10-05 13:24:48.881,730,124,9549.5
2026-10-05 13:24:48.881,594,321,61734.0
2026-10-05 13:24:48.916,281,528,19619.5
2026-10-05 13:24:48.916,959,503,46122.5
2026-10-05 13:24:48.916,621,337,3731.5
2026-10-05 13:24:48.916,635,250,3328.5
2026-10-05 13:24:48.916,734,220,5368.0
2026-10-05 13:24:48.916,725,204,15104.0
2026-10-05 13:24:48.916,677,49,12064.0
2026-10-05 13:24:48.916,466,321,45055.0
2026-10-05 13:24:48.945,281,528,19625.5
2026-10-05 13:24:48.945,959,503,46250.5
2026-10-05 13:24:48.945,621,337,3675.5
2026-10-05 13:24:48.945,628,249,3460.5
2026-10-05 13:24:48.945,790,233,8267.0
2026-10-05 13:24:48.945,680,140,9471.0
2026-10-05 13:24:48.945,676,49,12937.0
2026-10-05 13:24:48.945,462,321,43721.5
2026-10-05 13:24:48.982,281,528,19487.0
2026-10-05 13:24:48.982,971,503,49949.5
2026-10-05 13:24:48.982,621,337,3567.0
2026-10-05 13:24:48.982,621,248,3417.5
2026-10-05 13:24:48.982,792,240,6643.0
2026-10-05 13:24:48.982,715,140,7425.5
2026-10-05 13:24:48.982,655,44,3023.5
2026-10-05 13:24:48.982,673,57,13625.5
2026-10-05 13:24:48.982,460,320,36562.5
2026-10-05 13:24:49.009,281,528,19468.5
2026-10-05 13:24:49.009,971,503,50412.0
2026-10-05 13:24:49.009,620,338,3394.5
2026-10-05 13:24:49.009,617,247,3311.0
2026-10-05 13:24:49.009,787,208,4903.5
2026-10-05 13:24:49.009,710,139,7700.0
2026-10-05 13:24:49.009,655,42,3026.5
2026-10-05 13:24:49.009,673,77,15058.5
2026-10-05 13:24:49.009,457,320,34480.0
2026-10-05 13:24:49.042,281,528,19480.5
2026-10-05 13:24:49.042,971,503,50636.0
2026-10-05 13:24:49.042,614,247,3275.5
2026-10-05 13:24:49.042,651,41,3184.5
2026-10-05 13:24:49.042,674,160,27038.5
2026-10-05 13:24:49.042,455,320,33229.0
2026-10-05 13:24:49.075,281,528,19487.0
2026-10-05 13:24:49.075,971,503,50786.0
2026-10-05 13:24:49.075,649,42,3244.0
2026-10-05 13:24:49.075,673,162,31194.5
2026-10-05 13:24:49.075,453,320,32222.5
2026-10-05 13:24:49.105,281,528,19487.0
2026-10-05 13:24:49.105,971,503,50965.5
2026-10-05 13:24:49.105,611,246,3157.0
2026-10-05 13:24:49.105,649,42,3342.5
2026-10-05 13:24:49.105,671,157,30725.5
2026-10-05 13:24:49.105,469,320,31331.5
2026-10-05 13:24:49.140,281,528,19487.0
2026-10-05 13:24:49.140,971,503,50984.0
2026-10-05 13:24:49.140,611,246,3083.5
2026-10-05 13:24:49.140,646,42,3402.0
2026-10-05 13:24:49.140,670,153,31570.5
2026-10-05 13:24:49.140,450,320,29650.0
2026-10-05 13:24:49.172,281,528,19448.5
2026-10-05 13:24:49.172,968,503,50859.0
2026-10-05 13:24:49.172,610,246,3015.5
2026-10-05 13:24:49.172,643,42,3518.5
2026-10-05 13:24:49.172,670,147,32733.5
2026-10-05 13:24:49.172,435,320,30179.0
2026-10-05 13:24:49.204,281,528,19482.0
2026-10-05 13:24:49.204,968,499,51405.0
2026-10-05 13:24:49.204,642,41,3545.5
2026-10-05 13:24:49.204,674,142,32395.5
2026-10-05 13:24:49.204,434,320,29447.0
2026-10-05 13:24:49.235,281,528,19482.0
2026-10-05 13:24:49.235,968,476,52330.0
2026-10-05 13:24:49.235,640,245,4344.0
2026-10-05 13:24:49.235,641,42,3633.5
2026-10-05 13:24:49.235,674,143,32972.0
2026-10-05 13:24:49.235,434,320,28815.5
2026-10-05 13:24:49.269,281,528,19485.5
2026-10-05 13:24:49.269,968,471,52594.5
2026-10-05 13:24:49.269,640,244,4460.5
2026-10-05 13:24:49.269,639,41,3670.0
2026-10-05 13:24:49.269,674,143,33439.5
2026-10-05 13:24:49.269,433,320,28265.0
2026-10-05 13:24:49.298,280,528,19463.5
2026-10-05 13:24:49.298,639,245,4667.0
2026-10-05 13:24:49.298,637,41,3722.0
2026-10-05 13:24:49.298,848,322,86617.5
2026-10-05 13:24:49.298,433,320,27612.0
2026-10-05 13:24:49.334,280,528,19463.5
2026-10-05 13:24:49.334,639,245,4558.0
2026-10-05 13:24:49.334,635,41,3768.0
2026-10-05 13:24:49.334,848,322,87156.5
2026-10-05 13:24:49.334,433,320,26509.0
2026-10-05 13:24:49.365,280,528,19502.5
2026-10-05 13:24:49.365,639,245,4568.0
2026-10-05 13:24:49.365,634,42,3734.0
2026-10-05 13:24:49.365,836,322,88964.0
2026-10-05 13:24:49.365,432,320,25677.5
2026-10-05 13:24:49.397,280,528,19521.0
2026-10-05 13:24:49.397,632,246,3980.0
2026-10-05 13:24:49.397,632,42,3773.0
2026-10-05 13:24:49.397,760,322,115555.5
2026-10-05 13:24:49.429,280,528,19520.0
2026-10-05 13:24:49.429,638,246,4544.0
2026-10-05 13:24:49.429,632,42,3750.0
2026-10-05 13:24:49.429,760,322,119421.0
2026-10-05 13:24:49.459,280,528,19515.0
2026-10-05 13:24:49.459,432,487,10723.0
2026-10-05 13:24:49.459,640,247,4517.0
2026-10-05 13:24:49.459,539,126,3385.0
2026-10-05 13:24:49.459,632,43,3730.0
2026-10-05 13:24:49.459,802,322,105022.0
2026-10-05 13:24:49.493,280,528,19515.0
2026-10-05 13:24:49.493,432,488,10635.5
2026-10-05 13:24:49.493,639,247,4507.0
2026-10-05 13:24:49.493,449,216,7309.5
2026-10-05 13:24:49.493,632,42,3671.0
2026-10-05 13:24:49.493,821,322,101884.5
2026-10-05 13:24:49.526,280,528,19515.0
2026-10-05 13:24:49.526,432,489,10565.0
2026-10-05 13:24:49.526,639,247,4603.5
2026-10-05 13:24:49.526,449,218,7234.0
2026-10-05 13:24:49.526,629,43,3743.0
2026-10-05 13:24:49.526,821,322,102131.5
2026-10-05 13:24:49.596,280,528,19293.0
2026-10-05 13:24:49.596,638,247,4620.5
2026-10-05 13:24:49.596,760,322,128697.5
2026-10-05 13:24:49.625,280,528,19271.5
2026-10-05 13:24:49.625,631,247,4076.0
2026-10-05 13:24:49.625,626,44,3728.5
2026-10-05 13:24:49.625,760,322,124809.0
2026-10-05 13:24:49.657,279,528,19240.0
2026-10-05 13:24:49.657,430,519,8975.5
2026-10-05 13:24:49.657,629,246,4030.0
2026-10-05 13:24:49.657,625,44,3808.0
2026-10-05 13:24:49.657,802,322,115769.0
2026-10-05 13:24:49.689,278,528,19214.0
2026-10-05 13:24:49.689,430,521,8923.5
2026-10-05 13:24:49.689,630,246,4004.0
2026-10-05 13:24:49.689,623,43,3856.5
2026-10-05 13:24:49.689,802,322,116312.0
2026-10-05 13:24:49.721,278,528,19214.0
2026-10-05 13:24:49.721,430,521,8905.5
2026-10-05 13:24:49.721,629,246,4040.5
2026-10-05 13:24:49.721,623,44,3858.5
2026-10-05 13:24:49.721,802,322,116761.5
2026-10-05 13:24:49.754,278,528,18877.5
2026-10-05 13:24:49.754,483,501,7003.5
2026-10-05 13:24:49.754,629,247,4018.0
2026-10-05 13:24:49.754,802,322,122712.0
2026-10-05 13:24:49.787,277,528,18709.5
2026-10-05 13:24:49.787,483,501,6838.5
2026-10-05 13:24:49.787,627,246,4023.0
2026-10-05 13:24:49.787,802,322,122835.5
2026-10-05 13:24:49.820,278,528,18732.5
2026-10-05 13:24:49.820,483,502,6816.5
2026-10-05 13:24:49.820,628,246,3919.0
2026-10-05 13:24:49.820,802,322,123090.0
2026-10-05 13:24:49.853,277,528,18697.0
2026-10-05 13:24:49.853,483,502,6775.5
2026-10-05 13:24:49.853,627,245,3794.5
2026-10-05 13:24:49.853,802,322,124253.5
